KG id,F1-M Unique and persistent ID,F1-D URIs dereferenceability,F2a-M - Metadata availability via standard primary sources,F2b-M Metadata availability for all the attributes covered in the FAIR score computation,F3-M Data referrable via a DOI,F4-M Metadata registered in a searchable engine,F score,A1-D Working access point(s),A1-M Metadata availability via working primary sources,A1.2 Authentication & HTTPS support,A2-M Registered in search engines,A score,R1.1 Machine- or human-readable license retrievable via any primary source,R1.2 Publisher information such as authors-contributors-publishers and sources,R1.3-D Data organized in a standardized way,R1.3-M Metadata are described with VoID/DCAT predicates,R score,I1-D Standard & open representation format,I1-M Metadata are described with VoID/DCAT predicates,I2 Use of FAIR vocabularies,I3-D Degree of connection,I score,FAIR score
bio2rdf-chembl,1,0,1,0.89,1,1,0.82,1,1,0,1,0.75,1,1,1,1,1,1,1,0,1,0.75,3.32
fu-berlin-drugbank,1,0,1,0.67,1,1,0.78,0,1,0,1,0.5,0,1,0,1,0.5,0,1,0,1,0.5,2.28
bio2rdf-goa,1,0,1,1,1,1,0.83,1,1,1,1,1,1,1,1,1,1,1,1,0.181818182,1,0.8,3.63
bio2rdf-homologene,1,0,1,1,1,1,0.83,1,1,1,1,1,1,1,1,1,1,1,1,0.181818182,1,0.8,3.63
bio2rdf-irefindex,1,0,1,1,1,1,0.83,1,1,1,1,1,1,1,1,1,1,1,1,0.181818182,1,0.8,3.63
bio2rdf-mesh,1,0,1,1,1,1,0.83,1,1,1,1,1,1,1,1,1,1,1,1,0.181818182,1,0.8,3.63
bio2rdf-ndc,1,0,1,1,1,1,0.83,1,1,1,1,1,1,1,1,1,1,1,1,0.181818182,1,0.8,3.63
bio2rdf-pharmgkb,1,0,1,1,1,1,0.83,1,1,1,1,1,1,1,1,1,1,1,1,0.181818182,1,0.8,3.63
bio2rdf-orphanet,1,0,1,1,1,1,0.83,1,1,1,1,1,1,1,1,1,1,1,1,0.181818182,1,0.8,3.63
bio2rdf-sabiork,1,0,1,0.89,1,1,0.82,1,1,0,1,0.75,1,1,1,1,1,1,1,0,1,0.75,3.32
bio2rdf-sider,1,0,1,1,1,1,0.83,1,1,1,1,1,1,1,1,1,1,1,1,0.181818182,1,0.8,3.63
bio2rdf-taxon,1,0,1,0.78,1,1,0.8,1,1,0,1,0.75,0,1,0,1,0.5,0,1,0,1,0.5,2.55
bio2rdf-wormbase,1,0,1,1,1,1,0.83,1,1,1,1,1,1,1,1,1,1,1,1,0.181818182,1,0.8,3.63
bioportal-mccl_x1,1,0,1,0.56,1,1,0.76,0,1,0,1,0.5,0,1,0,1,0.5,0,1,0,1,0.5,2.26
bioportal-apo,1,0,1,0.67,1,1,0.78,0,1,0,1,0.5,0,1,0,1,0.5,0,1,0,1,0.5,2.28
bioportal-nmr,1,0,1,0.67,1,1,0.78,0,1,0,1,0.5,0,1,0,1,0.5,0,1,0,1,0.5,2.28
bioportal-sio,1,0,1,0.89,1,1,0.82,1,1,0,1,0.75,1,1,0,1,0.75,0,1,0,1,0.5,2.82
bioportal-fypo,1,0,1,0.67,1,1,0.78,0,1,0,1,0.5,0,1,0,1,0.5,0,1,0,1,0.5,2.28
bioportal-mod,1,0,1,0.67,1,1,0.78,0,1,0,1,0.5,0,1,0,1,0.5,0,1,0,1,0.5,2.28
bioportal-imr,1,0,1,0.67,1,1,0.78,0,1,0,1,0.5,0,1,0,1,0.5,0,1,0,1,0.5,2.28
bioportal-nif_cell,1,0,1,0.67,1,1,0.78,0,1,0,1,0.5,0,1,0,1,0.5,0,1,0,1,0.5,2.28
bioportal-dc_cl,1,0,1,0.67,1,1,0.78,0,1,0,1,0.5,0,1,0,1,0.5,0,1,0,1,0.5,2.28
bioportal-wbphenotype,1,0,1,0.67,1,1,0.78,0,1,0,1,0.5,0,1,0,1,0.5,0,1,0,1,0.5,2.28
jita,1,0,1,0.89,1,1,0.82,1,1,0,1,0.75,1,1,1,1,1,1,1,0,1,0.75,3.32
bioportal-efo,1,0,1,0.56,1,1,0.76,0,1,0,1,0.5,0,1,0,1,0.5,0,1,0,1,0.5,2.26
bioportal-aeo,1,0,1,0.67,1,1,0.78,0,1,0,1,0.5,0,1,0,1,0.5,0,1,0,1,0.5,2.28
bioportal-rex,1,0,1,0.67,1,1,0.78,0,1,0,1,0.5,0,1,0,1,0.5,0,1,0,1,0.5,2.28
bioportal-geospecies,1,0,1,0.67,1,1,0.78,0,1,0,1,0.5,0,1,0,1,0.5,0,1,0,1,0.5,2.28
bioportal-chebi,1,0,1,0.67,1,1,0.78,0,1,0,1,0.5,0,1,0,1,0.5,0,1,0,1,0.5,2.28
bioportal-rnao,1,0,1,0.67,1,1,0.78,0,1,0,1,0.5,0,1,0,1,0.5,0,1,0,1,0.5,2.28
bioportal-lipro,1,0,1,0.67,1,1,0.78,0,1,0,1,0.5,0,1,0,1,0.5,0,1,0,1,0.5,2.28
bioportal-mao,1,0,1,0.67,1,1,0.78,0,1,0,1,0.5,0,1,0,1,0.5,0,1,0,1,0.5,2.28
bioportal-hao,1,0,1,0.67,1,1,0.78,0,1,0,1,0.5,0,1,0,1,0.5,0,1,0,1,0.5,2.28
bioportal-fbdv,1,0,1,0.67,1,1,0.78,0,1,0,1,0.5,0,1,0,1,0.5,0,1,0,1,0.5,2.28
bioportal-fbbt,1,0,1,0.67,1,1,0.78,0,1,0,1,0.5,0,1,0,1,0.5,0,1,0,1,0.5,2.28
bioportal-bto,1,0,1,0.67,1,1,0.78,0,1,0,1,0.5,0,1,0,1,0.5,0,1,0,1,0.5,2.28
bioportal-ncbitaxon,1,0,1,0.67,1,1,0.78,0,1,0,1,0.5,0,1,0,1,0.5,0,1,0,1,0.5,2.28
bioportal-pw,1,0,1,0.67,1,1,0.78,0,1,0,1,0.5,0,1,0,1,0.5,0,1,0,1,0.5,2.28
bioportal-ogi,1,0,1,0.67,1,1,0.78,0,1,0,1,0.5,0,1,0,1,0.5,0,1,0,1,0.5,2.28
bioportal-ev,1,0,1,0.67,1,1,0.78,0,1,0,1,0.5,0,1,0,1,0.5,0,1,0,1,0.5,2.28
bioportal-ehdaa,1,0,1,0.67,1,1,0.78,0,1,0,1,0.5,0,1,0,1,0.5,0,1,0,1,0.5,2.28
bioportal-mmo,1,0,1,0.67,1,1,0.78,0,1,0,1,0.5,0,1,0,1,0.5,0,1,0,1,0.5,2.28
bioportal-ido,1,0,1,0.67,1,1,0.78,0,1,0,1,0.5,0,1,0,1,0.5,0,1,0,1,0.5,2.28
bioportal-cheminf,1,0,1,0.78,1,1,0.8,0,1,0,1,0.5,1,1,0,1,0.75,0,1,0,1,0.5,2.55
bioportal-npo,1,0,1,0.67,1,1,0.78,0,1,0,1,0.5,0,1,0,1,0.5,0,1,0,1,0.5,2.28
chempedia-rdf,1,0,1,0.78,1,1,0.8,1,1,0,1,0.75,1,1,0,1,0.75,0,1,0,0,0.25,2.55
bioportal-mego,1,0,1,0.67,1,1,0.78,0,1,0,1,0.5,0,1,0,1,0.5,0,1,0,1,0.5,2.28
addgene,1,0,1,0.67,1,1,0.78,0,1,0,1,0.5,0,1,0,1,0.5,0,1,0,1,0.5,2.28
bioportal-exo,1,0,1,0.67,1,1,0.78,0,1,0,1,0.5,0,1,0,1,0.5,0,1,0,1,0.5,2.28
bioportal-uo,1,0,1,0.67,1,1,0.78,0,1,0,1,0.5,0,1,0,1,0.5,0,1,0,1,0.5,2.28
bioportal-pato,1,0,1,0.67,1,1,0.78,0,1,0,1,0.5,0,1,0,1,0.5,0,1,0,1,0.5,2.28
kupkb,1,0,1,0.56,1,1,0.76,0,1,0,1,0.5,0,0,1,1,0.5,1,1,0,1,0.75,2.51
entrez_gene,1,0,1,0.56,1,1,0.76,0,1,0,1,0.5,0,1,1,1,0.75,1,1,0,1,0.75,2.76
bioportal-mcbcc,1,0,1,0.67,1,1,0.78,0,1,0,1,0.5,0,1,0,1,0.5,0,1,0,1,0.5,2.28
bioportal-oboe,1,0,1,0.67,1,1,0.78,0,1,0,1,0.5,0,1,0,1,0.5,0,1,0,1,0.5,2.28
bioportal-snpo,1,0,1,0.67,1,1,0.78,0,1,0,1,0.5,0,1,0,1,0.5,0,1,0,1,0.5,2.28
bioportal-sao,1,0,1,0.67,1,1,0.78,0,1,0,1,0.5,0,1,0,1,0.5,0,1,0,1,0.5,2.28
fu-berlin-stitch,1,0,1,0.67,1,1,0.78,0,1,0,1,0.5,1,1,0,1,0.75,0,1,0,1,0.5,2.53
bioportal-cl,1,0,1,0.67,1,1,0.78,0,1,0,1,0.5,0,1,0,1,0.5,0,1,0,1,0.5,2.28
bioportal-bp,1,0,1,0.78,1,1,0.8,0,1,0,1,0.5,1,1,0,1,0.75,0,1,0,1,0.5,2.55
bioportal-bdo,1,0,1,0.67,1,1,0.78,0,1,0,1,0.5,0,1,0,1,0.5,0,1,0,1,0.5,2.28
biosamples-rdf,1,0,1,0.78,1,1,0.8,1,1,0,1,0.75,0,1,1,1,0.75,1,1,0,1,0.75,3.05
chemdb-thermochemistry,1,0,1,0.67,1,1,0.78,1,1,1,1,1,1,1,0,1,0.75,0,1,0,1,0.5,3.03
chemdb-phaseTransition,1,0,1,0.67,1,1,0.78,1,1,1,1,1,1,1,0,1,0.75,0,1,0,1,0.5,3.03
chemdb-estimatedProperties,1,0,1,0.67,1,1,0.78,1,1,1,1,1,1,1,0,1,0.75,0,1,0,1,0.5,3.03
bioportal-ecg,1,0,1,0.67,1,1,0.78,0,1,0,1,0.5,0,1,0,1,0.5,0,1,0,1,0.5,2.28
fu-berlin-dailymed,1,0,1,0.67,1,1,0.78,0,1,0,1,0.5,0,1,1,1,0.75,1,1,0,1,0.75,2.78
PGxLOD,1,0,1,0.78,1,1,0.8,1,1,1,1,1,1,1,0,1,0.75,0,1,0,1,0.5,3.05
gene-expression-atlas-rdf,1,0,1,0.78,1,1,0.8,1,1,0,1,0.75,0,1,1,1,0.75,1,1,0,1,0.75,3.05
yale_senselab,1,0,1,0.56,1,1,0.76,0,1,0,1,0.5,0,1,1,1,0.75,1,1,0,0,0.5,2.51
linkedct,1,0,1,0.89,1,1,0.82,1,1,0,1,0.75,1,1,1,1,1,1,1,0,1,0.75,3.32
arrayexpress-e-afmx-1,1,0,1,0.67,1,1,0.78,1,1,0,1,0.75,0,1,0,1,0.5,0,1,0,0,0.25,2.28
biolod-pdb,1,0,1,0.78,1,1,0.8,0,1,0,1,0.5,1,1,0,1,0.75,0,1,0,1,0.5,2.55
bioportal-omit,1,0,1,0.67,1,1,0.78,0,1,0,1,0.5,0,1,0,1,0.5,0,1,0,1,0.5,2.28
bioportal-icf_x1,1,0,1,0.67,1,1,0.78,0,1,0,1,0.5,0,1,0,1,0.5,0,1,0,1,0.5,2.28
cz-sidc-drug-ingredients,1,0,1,0.78,1,1,0.8,0,1,0,1,0.5,1,1,0,1,0.75,0,1,0,1,0.5,2.55
chem2bio2rdf,1,0,1,0.67,1,1,0.78,0,1,0,1,0.5,0,1,0,1,0.5,0,1,0,1,0.5,2.28
Naturopathy,1,0,1,0.89,1,1,0.82,1,1,0,1,0.75,1,1,1,1,1,1,1,0,1,0.75,3.32
bioportal-mdr,1,0,1,0.67,1,1,0.78,0,1,0,1,0.5,0,1,0,1,0.5,0,1,0,1,0.5,2.28
bioportal-spto,1,0,1,0.67,1,1,0.78,0,1,0,1,0.5,0,1,0,1,0.5,0,1,0,1,0.5,2.28
bioportal-ddi,1,0,1,0.67,1,1,0.78,0,1,0,1,0.5,0,1,0,1,0.5,0,1,0,1,0.5,2.28
Hermos,1,0,1,0.78,1,1,0.8,1,1,0,1,0.75,1,1,0,1,0.75,0,1,0,0,0.25,2.55
bioportal-mpath,1,0,1,0.67,1,1,0.78,0,1,0,1,0.5,0,1,0,1,0.5,0,1,0,1,0.5,2.28
bioportal-jerm,1,0,1,0.67,1,1,0.78,0,1,0,1,0.5,0,1,0,1,0.5,0,1,0,1,0.5,2.28
bioportal-phare,1,0,1,0.67,1,1,0.78,0,1,0,1,0.5,0,1,0,1,0.5,0,1,0,1,0.5,2.28
disgenet,1,0,1,0.89,1,1,0.82,1,1,0,1,0.75,1,1,1,1,1,1,1,0,1,0.75,3.32
cz-sidc-drugs,1,0,1,0.78,1,1,0.8,0,1,0,1,0.5,1,1,0,1,0.75,0,1,0,1,0.5,2.55
cz-eh-1-atc,1,0,1,0.78,1,1,0.8,0,1,0,1,0.5,1,1,0,1,0.75,0,1,0,1,0.5,2.55
bioportal-nigo,1,0,1,0.67,1,1,0.78,0,1,0,1,0.5,0,1,0,1,0.5,0,1,0,1,0.5,2.28
PubChem RDF,1,0,1,0.78,1,0,0.63,1,0,0,0,0.25,1,1,1,1,1,1,1,0,0,0.5,2.38
bioportal-tmo,1,0,1,0.67,1,1,0.78,0,1,0,1,0.5,0,1,0,1,0.5,0,1,0,1,0.5,2.28
bioportal-gro,1,0,1,0.56,1,1,0.76,0,1,0,1,0.5,0,1,0,1,0.5,0,1,0,0,0.25,2.01
bioportal-unitsontology,1,0,1,0.67,1,1,0.78,0,1,0,1,0.5,0,1,0,1,0.5,0,1,0,1,0.5,2.28
bioportal-ogmd,1,0,1,0.67,1,1,0.78,0,1,0,1,0.5,0,1,0,1,0.5,0,1,0,1,0.5,2.28
bioportal-nddf,1,0,1,0.67,1,1,0.78,0,1,0,1,0.5,0,1,0,1,0.5,0,1,0,1,0.5,2.28
bioportal-mo,1,0,1,0.67,1,1,0.78,0,1,0,1,0.5,0,1,0,1,0.5,0,1,0,1,0.5,2.28
bioportal-ms,1,0,1,0.67,1,1,0.78,0,1,0,1,0.5,0,1,0,1,0.5,0,1,0,1,0.5,2.28
linked-drugs,1,0,1,0.78,1,1,0.8,0,1,0,1,0.5,1,1,0,1,0.75,0,1,0,1,0.5,2.55
ontobeef-domain,1,0,1,0.78,1,1,0.8,0,1,0,1,0.5,1,1,0,1,0.75,0,1,0,1,0.5,2.55
bioportal-ndfrt,1,0,1,0.67,1,1,0.78,0,1,0,1,0.5,0,1,0,1,0.5,0,1,0,1,0.5,2.28
bioportal-ontoorpha,1,0,1,0.78,1,1,0.8,0,1,0,1,0.5,1,1,0,1,0.75,0,1,0,1,0.5,2.55
bioportal-air,1,0,1,0.67,1,1,0.78,0,1,0,1,0.5,0,1,0,1,0.5,0,1,0,1,0.5,2.28
bioportal-bcgo,1,0,1,0.67,1,1,0.78,0,1,0,1,0.5,0,1,0,1,0.5,0,1,0,1,0.5,2.28
ogolod,1,0,1,0.78,1,1,0.8,0,1,0,1,0.5,1,1,0,1,0.75,0,1,0,1,0.5,2.55
bioportal-hugo,1,0,1,0.67,1,1,0.78,0,1,0,1,0.5,0,1,0,1,0.5,0,1,0,1,0.5,2.28
bioportal-neomark,1,0,1,0.67,1,1,0.78,0,1,0,1,0.5,0,1,0,1,0.5,0,1,0,1,0.5,2.28
bioportal-pdq,1,0,1,0.67,1,1,0.78,0,1,0,1,0.5,0,1,0,1,0.5,0,1,0,1,0.5,2.28
bioportal-cogat,1,0,1,0.67,1,1,0.78,0,1,0,1,0.5,0,1,0,1,0.5,0,1,0,1,0.5,2.28
bio2rdf-affymetrix,1,0,1,1,1,1,0.83,1,1,1,1,1,1,1,1,1,1,1,1,0.181818182,1,0.8,3.63
bio2rdf-clinicaltrials,1,0,1,1,1,1,0.83,1,1,1,1,1,1,1,1,1,1,1,1,0.181818182,1,0.8,3.63
bio2rdf-ctd,1,0,1,1,1,1,0.83,1,1,1,1,1,1,1,1,1,1,1,1,0.181818182,1,0.8,3.63
bio2rdf-dbsnp,1,0,1,1,1,1,0.83,1,1,1,1,1,1,1,1,1,1,1,1,0.181818182,1,0.8,3.63
bio2rdf-genage,1,0,1,1,1,1,0.83,1,1,1,1,1,1,1,1,1,1,1,1,0.181818182,1,0.8,3.63
bio2rdf-gendr,1,0,1,1,1,1,0.83,1,1,1,1,1,1,1,1,1,1,1,1,0.181818182,1,0.8,3.63
bio2rdf-hgnc,1,0,1,1,1,1,0.83,1,1,1,1,1,1,1,1,1,1,1,1,0.181818182,1,0.8,3.63
bio2rdf-interpro,1,0,1,1,1,1,0.83,1,1,1,1,1,1,1,1,1,1,1,1,0.181818182,1,0.8,3.63
bio2rdf-iproclass,1,0,1,1,1,1,0.83,1,1,1,1,1,1,1,1,1,1,1,1,0.181818182,1,0.8,3.63
bio2rdf-kegg,1,0,1,1,1,1,0.83,1,1,1,1,1,1,1,1,1,1,1,1,0.181818182,1,0.8,3.63
bio2rdf-linkedspl,1,0,1,0.89,1,1,0.82,1,1,1,1,1,1,1,1,1,1,1,1,0.181818182,0,0.55,3.37
bio2rdf-lsr,1,0,1,1,1,1,0.83,1,1,1,1,1,1,1,1,1,1,1,1,0.181818182,1,0.8,3.63
bio2rdf-ncbigene,1,0,1,1,1,1,0.83,1,1,1,1,1,1,1,1,1,1,1,1,0.181818182,1,0.8,3.63
bio2rdf-omim,1,0,1,1,1,1,0.83,1,1,1,1,1,1,1,1,1,1,1,1,0.181818182,1,0.8,3.63
bio2rdf-pathwaycommons,1,0,1,0.89,1,1,0.82,1,1,1,1,1,1,1,1,1,1,1,1,0.181818182,0,0.55,3.37
bio2rdf-reactome,1,0,1,0.78,1,1,0.8,1,1,1,0,0.75,1,1,0,1,0.75,0,1,0.181818182,1,0.55,2.85
bio2rdf-sgd,1,0,1,1,1,1,0.83,1,1,1,1,1,1,1,1,1,1,1,1,0.181818182,1,0.8,3.63
bio2rdf-bioportal,1,0,1,1,1,1,0.83,1,1,1,1,1,1,1,1,1,1,1,1,0.181818182,1,0.8,3.63
bao,0,0.8612,1,0.56,0,0,0.4,1,1,1,0,0.75,1,1,0,1,0.75,0,1,0,1,0.5,2.4
bfo11,0,0.8644,1,0.56,0,0,0.4,1,1,1,0,0.75,1,1,0,1,0.75,0,1,0,1,0.5,2.4
clo-hpscreg,0,0.8658,1,0.56,0,0,0.4,1,1,1,0,0.75,1,1,0,1,0.75,0,1,0,1,0.5,2.4
ctcae-oaeview,0,0.8616,1,0.56,0,0,0.4,1,1,1,0,0.75,1,1,0,1,0.75,0,1,0,1,0.5,2.4
d-acts,0,0.8654,1,0.56,0,0,0.4,1,1,1,0,0.75,1,1,0,1,0.75,0,1,0,1,0.5,2.4
iao-onto-meta,0,0.8746,1,0.56,0,0,0.41,1,1,1,0,0.75,1,1,0,1,0.75,0,1,0,1,0.5,2.41
idobru,0,0.7148,1,0.56,0,0,0.38,1,1,1,0,0.75,1,1,0,1,0.75,0,1,0,1,0.5,2.38
lincs-cloview,0,0.201365188,1,0.33,0,0,0.26,1,1,1,0,0.75,0,1,0,1,0.5,0,1,0,0,0.25,1.76
lthido,0,0.197952218,1,0.33,0,0,0.25,1,1,1,0,0.75,0,1,0,1,0.5,0,1,0,0,0.25,1.75
ndf-rt,1,0,1,0.33,0,1,0.56,0.5,1,0,1,0.62,0,1,0,1,0.5,0,1,0,0,0.25,1.93
ogg-at,0,0.204778157,1,0.44,0,0,0.27,1,1,1,0,0.75,1,1,0,1,0.75,0,1,0,0,0.25,2.02
ogg-bru,0,0.204778157,1,0.44,0,0,0.27,1,1,1,0,0.75,1,1,0,1,0.75,0,1,0,0,0.25,2.02
ogg-dm,0,0.204778157,1,0.44,0,0,0.27,1,1,1,0,0.75,1,1,0,1,0.75,0,1,0,0,0.25,2.02
ogg-sc,0,0.204778157,1,0.44,0,0,0.27,1,1,1,0,0.75,1,1,0,1,0.75,0,1,0,0,0.25,2.02
reo,0,0,1,0.33,0,0,0.22,0,0,0,0,0,0,1,0,1,0.5,0,1,0,0,0.25,0.97
sdgio,0,0,1,0.33,0,0,0.22,0,0,0,0,0,0,1,0,1,0.5,0,1,0,0,0.25,0.97
uberon-basic,0,0,1,0.44,0,0,0.24,0,0,0,0,0,1,1,0,1,0.75,0,1,0,0,0.25,1.24
uberon_collected_metazoa,0,0,1,0.44,0,0,0.24,0,0,0,0,0,1,1,0,1,0.75,0,1,0,0,0.25,1.24
uberon_depictions,0,0,1,0.44,0,0,0.24,0,0,0,0,0,1,1,0,1,0.75,0,1,0,0,0.25,1.24
xl,0,0.201365188,1,0.33,0,0,0.26,1,1,1,0,0.75,0,1,0,1,0.5,0,1,0,0,0.25,1.76
evorao,1,0,1,0.44,1,0,0.57,0,0,0,0,0,0,1,0,1,0.5,0,1,0,0,0.25,1.32
ictv,0,0,1,0.33,0,0,0.22,0,0,0,0,0,0,1,0,1,0.5,0,1,0,0,0.25,0.97
uniprotrdfs,0,0,1,0.33,0,0,0.22,0,0,0,0,0,0,1,0,1,0.5,0,1,0,0,0.25,0.97
addicto,0,0,1,0.22,0,0,0.2,0,0,0,0,0,0,0,0,1,0.25,0,1,0,0,0.25,0.7
dhba,0,0,1,0.22,0,0,0.2,0,0,0,0,0,0,0,0,1,0.25,0,1,0,0,0.25,0.7
hba,1,0,1,0.33,1,0,0.56,0,0,0,0,0,0,0,0,1,0.25,0,1,0,0,0.25,1.06
lipidmaps,0,0,1,0.33,0,0,0.22,1,1,1,0,0.75,0,1,0,1,0.5,0,1,0,0,0.25,1.72
cao,1,0,1,0.33,1,0,0.56,0,0,0,0,0,0,0,0,1,0.25,0,1,0,0,0.25,1.06
phi,0,0,1,0.33,0,0,0.22,0,0,0,0,0,0,1,0,1,0.5,0,1,0,0,0.25,0.97
msio,1,0,1,0.33,1,0,0.56,0,0,0,0,0,0,0,0,1,0.25,0,1,0,0,0.25,1.06
pride,1,0,1,0.44,1,0,0.57,0,0,0,0,0,0,1,0,1,0.5,0,1,0,0,0.25,1.32
unimod,0,0,1,0.33,0,0,0.22,0,0,0,0,0,0,1,0,1,0.5,0,1,0,0,0.25,0.97
hcao,1,0,1,0.33,1,0,0.56,0,0,0,0,0,0,0,0,1,0.25,0,1,0,0,0.25,1.06
bcio,0,0,1,0.22,0,0,0.2,0,0,0,0,0,0,0,0,1,0.25,0,1,0,0,0.25,0.7
covoc,0,0,1,0.22,0,0,0.2,0,0,0,0,0,0,0,0,1,0.25,0,1,0,0,0.25,0.7
snomed,0,0,1,0.33,0,0,0.22,0,0,0,0,0,0,1,0,1,0.5,0,1,0,0,0.25,0.97
ehda,1,0,1,0.56,1,0,0.59,0,0,0,0,0,1,1,0,1,0.75,0,1,0,0,0.25,1.59
flu,1,0,1,0.56,1,0,0.59,0,0,0,0,0,1,1,0,1,0.75,0,1,0,0,0.25,1.59
ipr,0,0.8574,1,0.56,0,0,0.4,1,1,1,0,0.75,1,1,0,1,0.75,0,1,0,1,0.5,2.4
loggerhead,0,0,1,0.44,0,0,0.24,0,0,0,0,0,1,1,0,1,0.75,0,1,0,0,0.25,1.24
pd_st,1,0,1,0.56,1,0,0.59,0,0,0,0,0,1,1,0,1,0.75,0,1,0,0,0.25,1.59
propreo,1,0,1,0.56,1,0,0.59,0,0,0,0,0,1,1,0,1,0.75,0,1,0,0,0.25,1.59
resid,1,0,1,0.56,1,0,0.59,0,0,0,0,0,1,1,0,1,0.75,0,1,0,0,0.25,1.59
sopharm,0,0,1,0.44,0,0,0.24,0,0,0,0,0,1,1,0,1,0.75,0,1,0,0,0.25,1.24
tahe,0,0,1,0.44,0,0,0.24,0,0,0,0,0,1,1,0,1,0.75,0,1,0,0,0.25,1.24
tahh,1,0,1,0.56,1,0,0.59,0,0,0,0,0,1,1,0,1,0.75,0,1,0,0,0.25,1.59
vhog,0,0.8762,1,0.56,0,0,0.41,1,1,1,0,0.75,1,1,0,1,0.75,0,1,0,1,0.5,2.41
bci,0,0,1,0.44,0,0,0.24,0,0,0,0,0,1,1,0,1,0.75,0,1,0,0,0.25,1.24
biol,0,0,1,0.44,0,0,0.24,0,0,0,0,0,1,1,0,1,0.75,0,1,0,0,0.25,1.24
biopax,0,0,1,0.44,0,0,0.24,0,0,0,0,0,1,1,0,1,0.75,0,1,0,0,0.25,1.24
biotop,0,0,1,0.44,0,0,0.24,0,0,0,0,0,1,1,0,1,0.75,0,1,0,0,0.25,1.24
cochrane,0,0,1,0.44,0,0,0.24,0,0,0,0,0,1,1,0,1,0.75,0,1,0,0,0.25,1.24
cocoon,0,0,1,0.44,0,0,0.24,0,0,0,0,0,1,1,0,1,0.75,0,1,0,0,0.25,1.24
dataid,0,0,1,0.44,0,0,0.24,0,0,0,0,0,1,1,0,1,0.75,0,1,0,0,0.25,1.24
dbm,0,0,1,0.44,0,0,0.24,0,0,0,0,0,1,1,0,1,0.75,0,1,0,0,0.25,1.24
dbpedia-owl,0,0,1,0.44,0,0,0.24,0,0,0,0,0,1,1,0,1,0.75,0,1,0,0,0.25,1.24
hifm,0,0,1,0.44,0,0,0.24,0,0,0,0,0,1,1,0,1,0.75,0,1,0,0,0.25,1.24
hosp,0,0,1,0.44,0,0,0.24,0,0,0,0,0,1,1,0,1,0.75,0,1,0,0,0.25,1.24
incident,0,0,1,0.44,0,0,0.24,0,0,0,0,0,1,1,0,1,0.75,0,1,0,0,0.25,1.24
lsc,0,0,1,0.44,0,0,0.24,0,0,0,0,0,1,1,0,1,0.75,0,1,0,0,0.25,1.24
ofo,0,0,1,0.44,0,0,0.24,0,0,0,0,0,1,1,0,1,0.75,0,1,0,0,0.25,1.24
omnlc,0,0,1,0.44,0,0,0.24,0,0,0,0,0,1,1,0,1,0.75,0,1,0,0,0.25,1.24
person,0,0,1,0.44,0,0,0.24,0,0,0,0,0,1,1,0,1,0.75,0,1,0,0,0.25,1.24
pext,0,0,1,0.44,0,0,0.24,0,0,0,0,0,1,1,0,1,0.75,0,1,0,0,0.25,1.24
phdd,0,0,1,0.44,0,0,0.24,0,0,0,0,0,1,1,0,1,0.75,0,1,0,0,0.25,1.24
pimsii,0,0,1,0.33,0,0,0.22,0,0,0,0,0,0,1,0,1,0.5,0,1,0,0,0.25,0.97
plink,0,0,1,0.33,0,0,0.22,0,0,0,0,0,0,1,0,1,0.5,0,1,0,0,0.25,0.97
pmofn,0,0,1,0.44,0,0,0.24,0,0,0,0,0,1,1,0,1,0.75,0,1,0,0,0.25,1.24
pmonb,0,0,1,0.44,0,0,0.24,0,0,0,0,0,1,1,0,1,0.75,0,1,0,0,0.25,1.24
pmopb,0,0,1,0.44,0,0,0.24,0,0,0,0,0,1,1,0,1,0.75,0,1,0,0,0.25,1.24
pmovn,0,0,1,0.44,0,0,0.24,0,0,0,0,0,1,1,0,1,0.75,0,1,0,0,0.25,1.24
s4ehaw,0,0,1,0.44,0,0,0.24,0,0,0,0,0,1,1,0,1,0.75,0,1,0,0,0.25,1.24
sbeo,0,0,1,0.44,0,0,0.24,0,0,0,0,0,1,1,0,1,0.75,0,1,0,0,0.25,1.24
scip,0,0,1,0.33,0,0,0.22,0,0,0,0,0,0,1,0,1,0.5,0,1,0,0,0.25,0.97
scoro,0,0,1,0.44,0,0,0.24,0,0,0,0,0,1,1,0,1,0.75,0,1,0,0,0.25,1.24
tax,0,0,1,0.44,0,0,0.24,0,0,0,0,0,1,1,0,1,0.75,0,1,0,0,0.25,1.24
taxon,0,0,1,0.33,0,0,0.22,0,0,0,0,0,0,1,0,1,0.5,0,1,0,0,0.25,0.97
wikibase,0,0,1,0.44,0,0,0.24,0,0,0,0,0,1,1,0,1,0.75,0,1,0,0,0.25,1.24
mammalian-phenotype-ontology,0,0,1,0.44,0,0,0.24,0,0,0,0,0,1,1,0,1,0.75,0,1,0,0,0.25,1.24
drosophila-anatomy-developmental-ontology,0,0,1,0.44,0,0,0.24,0,0,0,0,0,1,1,0,1,0.75,0,1,0,0,0.25,1.24
geno-ontology,0,0,1,0.44,0,0,0.24,0,0,0,0,0,1,1,0,1,0.75,0,1,0,0,0.25,1.24
sem-prov-ontologies,0,0,1,0.44,0,0,0.24,0,0,0,0,0,1,1,0,1,0.75,0,1,0,0,0.25,1.24
microbe_masst,0,0,1,0.44,0,0,0.24,0,0,0,0,0,1,1,0,1,0.75,0,1,0,0,0.25,1.24
semanticchemistry,0,0,1,0.44,0,0,0.24,0,0,0,0,0,1,1,0,1,0.75,0,1,0,0,0.25,1.24
monarch-disease-ontology-retired,0,0,1,0.44,0,0,0.24,0,0,0,0,0,1,1,0,1,0.75,0,1,0,0,0.25,1.24
hspo-ontology,0,0,1,0.44,0,0,0.24,0,0,0,0,0,1,1,0,1,0.75,0,1,0,0,0.25,1.24
environmental-exposure-ontology,0,0,1,0.44,0,0,0.24,0,0,0,0,0,1,1,0,1,0.75,0,1,0,0,0.25,1.24
mental-functioning-ontology,0,0,1,0.44,0,0,0.24,0,0,0,0,0,1,1,0,1,0.75,0,1,0,0,0.25,1.24
diamond,0,0,1,0.44,0,0,0.24,0,0,0,0,0,1,1,0,1,0.75,0,1,0,0,0.25,1.24
genealogical-trees,0,0,1,0.33,0,0,0.22,0,0,0,0,0,0,1,0,1,0.5,0,1,0,0,0.25,0.97
bio-attribute-ontology,0,0,1,0.44,0,0,0.24,0,0,0,0,0,1,1,0,1,0.75,0,1,0,0,0.25,1.24
behavior-ontology,0,0,1,0.44,0,0,0.24,0,0,0,0,0,1,1,0,1,0.75,0,1,0,0,0.25,1.24
joint-food-ontology-wg,0,0,1,0.33,0,0,0.22,0,0,0,0,0,0,1,0,1,0.5,0,1,0,0,0.25,0.97
disease-ontology,0,0,1,0.22,0,0,0.2,0,0,0,0,0,0,0,0,1,0.25,0,1,0,0,0.25,0.7
osdu-ontology,0,0,1,0.44,0,0,0.24,0,0,0,0,0,1,1,0,1,0.75,0,1,0,0,0.25,1.24
crop-ontology,0,0,1,0.44,0,0,0.24,0,0,0,0,0,1,1,0,1,0.75,0,1,0,0,0.25,1.24
humandiseaseontology,0,0,1,0.44,0,0,0.24,0,0,0,0,0,1,1,0,1,0.75,0,1,0,0,0.25,1.24
human-phenotype-ontology,0,0,1,0.44,0,0,0.24,0,0,0,0,0,1,1,0,1,0.75,0,1,0,0,0.25,1.24
go-ontology,0,0,1,0.44,0,0,0.24,0,0,0,0,0,1,1,0,1,0.75,0,1,0,0,0.25,1.24
cell-ontology,0,0,1,0.44,0,0,0.24,0,0,0,0,0,1,1,0,1,0.75,0,1,0,0,0.25,1.24
plant-ontology,0,0,1,0.33,0,0,0.22,0,0,0,0,0,1,0,0,1,0.5,0,1,0,0,0.25,0.97
ontie,0,0,1,0.33,0,0,0.22,0,0,0,0,0,1,0,0,1,0.5,0,1,0,0,0.25,0.97
auto,0,0,1,0.33,0,0,0.22,0,0,0,0,0,1,0,0,1,0.5,0,1,0,0,0.25,0.97
plant-stress-ontology,0,0,1,0.33,0,0,0.22,0,0,0,0,0,1,0,0,1,0.5,0,1,0,0,0.25,0.97
foodbiomarkerontology,0,0,1,0.33,0,0,0.22,0,0,0,0,0,1,0,0,1,0.5,0,1,0,0,0.25,0.97
obsolete-hdo,0,0,1,0.22,0,0,0.2,0,0,0,0,0,0,0,0,1,0.25,0,1,0,0,0.25,0.7
rsc-cmo,0,0,1,0.33,0,0,0.22,0,0,0,0,0,1,0,0,1,0.5,0,1,0,0,0.25,0.97
bbc-wildlife,0,0,1,0.22,0,0,0.2,0,0,0,0,0,0,0,0,1,0.25,0,1,0,0,0.25,0.7
mcog-core,0,0,1,0.33,0,0,0.22,0,0,0,0,0,1,0,0,1,0.5,0,1,0,0,0.25,0.97
flybase-controlled-vocabulary,0,0,1,0.33,0,0,0.22,0,0,0,0,0,1,0,0,1,0.5,0,1,0,0,0.25,0.97
plant-experimental-conditions-ontology,0,0,1,0.33,0,0,0.22,0,0,0,0,0,1,0,0,1,0.5,0,1,0,0,0.25,0.97
developmental-stage-ontologies,0,0,1,0.22,0,0,0.2,0,0,0,0,0,0,0,0,1,0.25,0,1,0,0,0.25,0.7
zebrafish-phenotype-ontology,0,0,1,0.22,0,0,0.2,0,0,0,0,0,0,0,0,1,0.25,0,1,0,0,0.25,0.7
fungal-anatomy-ontology,0,0,1,0.22,0,0,0.2,0,0,0,0,0,0,0,0,1,0.25,0,1,0,0,0.25,0.7
hetontology,0,0,1,0.33,0,0,0.22,0,0,0,0,0,1,0,0,1,0.5,0,1,0,0,0.25,0.97
mobio,0,0,1,0.33,0,0,0.22,0,0,0,0,0,1,0,0,1,0.5,0,1,0,0,0.25,0.97
sfwo,0,0,1,0.22,0,0,0.2,0,0,0,0,0,0,0,0,1,0.25,0,1,0,0,0.25,0.7
nfdi4plants_ontology,0,0,1,0.33,0,0,0.22,0,0,0,0,0,1,0,0,1,0.5,0,1,0,0,0.25,0.97
gene-ontology,0,0,1,0.22,0,0,0.2,0,0,0,0,0,0,0,0,1,0.25,0,1,0,0,0.25,0.7
conso,0,0,1,0.33,0,0,0.22,0,0,0,0,0,1,0,0,1,0.5,0,1,0,0,0.25,0.97
human_phenotype_ontology,0,0,1,0.33,0,0,0.22,0,0,0,0,0,0,1,0,1,0.5,0,1,0,0,0.25,0.97
healthont,0,0,1,0.33,0,0,0.22,0,0,0,0,0,1,0,0,1,0.5,0,1,0,0,0.25,0.97
heron-ontology,0,0,1,0.33,0,0,0.22,0,0,0,0,0,1,0,0,1,0.5,0,1,0,0,0.25,0.97
ontologyandqahealth,0,0,1,0.33,0,0,0.22,0,0,0,0,0,1,0,0,1,0.5,0,1,0,0,0.25,0.97
diagnosis_support,0,0,1,0.33,0,0,0.22,0,0,0,0,0,1,0,0,1,0.5,0,1,0,0,0.25,0.97
codmo,1,0,1,0.44,1,0,0.57,0,0,0,0,0,1,0,0,1,0.5,0,1,0,0,0.25,1.32
miaf-ontology,0,0,1,0.22,0,0,0.2,0,0,0,0,0,0,0,0,1,0.25,0,1,0,0,0.25,0.7
ontology_deb,0,0,1,0.33,0,0,0.22,0,0,0,0,0,0,1,0,1,0.5,0,1,0,0,0.25,0.97
ontology-covid-patients,0,0,1,0.22,0,0,0.2,0,0,0,0,0,0,0,0,1,0.25,0,1,0,0,0.25,0.7
tibb-nabawi,0,0,1,0.22,0,0,0.2,0,0,0,0,0,0,0,0,1,0.25,0,1,0,0,0.25,0.7
toxicology-ontology,0,0,1,0.22,0,0,0.2,0,0,0,0,0,0,0,0,1,0.25,0,1,0,0,0.25,0.7
gliomarker,0,0,1,0.22,0,0,0.2,0,0,0,0,0,0,0,0,1,0.25,0,1,0,0,0.25,0.7
clinical_trial_ontology,0,0,1,0.22,0,0,0.2,0,0,0,0,0,0,0,0,1,0.25,0,1,0,0,0.25,0.7
clinreason,0,0,1,0.22,0,0,0.2,0,0,0,0,0,0,0,0,1,0.25,0,1,0,0,0.25,0.7
cdt-ontology,0,0,1,0.22,0,0,0.2,0,0,0,0,0,0,0,0,1,0.25,0,1,0,0,0.25,0.7
autocoo,0,0,1,0.22,0,0,0.2,0,0,0,0,0,0,0,0,1,0.25,0,1,0,0,0.25,0.7
ecmo,0,0,1,0.22,0,0,0.2,0,0,0,0,0,0,0,0,1,0.25,0,1,0,0,0.25,0.7
ontology-of-clinical-research,0,0,1,0.22,0,0,0.2,0,0,0,0,0,0,0,0,1,0.25,0,1,0,0,0.25,0.7
pacco,0,0,1,0.22,0,0,0.2,0,0,0,0,0,0,0,0,1,0.25,0,1,0,0,0.25,0.7
obci,0,0,1,0.22,0,0,0.2,0,0,0,0,0,0,0,0,1,0.25,0,1,0,0,0.25,0.7
ontology-of-traditional-chinese-medicine,0,0,1,0.22,0,0,0.2,0,0,0,0,0,0,0,0,1,0.25,0,1,0,0,0.25,0.7
bim-biomedical-image-ontology,0,0,1,0.22,0,0,0.2,0,0,0,0,0,0,0,0,1,0.25,0,1,0,0,0.25,0.7
debio,0,0,1,0.22,0,0,0.2,0,0,0,0,0,0,0,0,1,0.25,0,1,0,0,0.25,0.7
bioportal,0,0,1,0.33,0,0,0.22,0,0,0,0,0,0,1,0,1,0.5,0,1,0,0,0.25,0.97
obi-ontology.org,1,0,1,0.56,1,0,0.59,0,0,0,0,0,1,1,0,1,0.75,0,1,0,0,0.25,1.59
yggdrasil,0,0,1,0.22,0,0,0.2,0,0,0,0,0,0,0,0,1,0.25,0,1,0,0,0.25,0.7
hpo-explorer,0,0,1,0.33,0,0,0.22,0,0,0,0,0,0,1,0,1,0.5,0,1,0,0,0.25,0.97
gene_ontology,0,0,1,0.22,0,0,0.2,0,0,0,0,0,0,0,0,1,0.25,0,1,0,0,0.25,0.7
pathogenesis-gene-ontology,0,0,1,0.22,0,0,0.2,0,0,0,0,0,0,0,0,1,0.25,0,1,0,0,0.25,0.7
geneontology.jl,0,0,1,0.33,0,0,0.22,0,0,0,0,0,1,0,0,1,0.5,0,1,0,0,0.25,0.97
geneontologygraphdb,0,0,1,0.22,0,0,0.2,0,0,0,0,0,0,0,0,1,0.25,0,1,0,0,0.25,0.7
bacteria-ontologia,0,0,1,0.22,0,0,0.2,0,0,0,0,0,0,0,0,1,0.25,0,1,0,0,0.25,0.7
gene_onotology_obo_tools,0,0,1,0.22,0,0,0.2,0,0,0,0,0,0,0,0,1,0.25,0,1,0,0,0.25,0.7
zeogs_github,0,0,1,0.22,0,0,0.2,0,0,0,0,0,0,0,0,1,0.25,0,1,0,0,0.25,0.7
ogg-core,0,0,1,0.22,0,0,0.2,0,0,0,0,0,0,0,0,1,0.25,0,1,0,0,0.25,0.7
pcpannotationassessment,0,0,1,0.22,0,0,0.2,0,0,0,0,0,0,0,0,1,0.25,0,1,0,0,0.25,0.7
do2go_mouse,0,0,1,0.22,0,0,0.2,0,0,0,0,0,0,0,0,1,0.25,0,1,0,0,0.25,0.7
go2cell,0,0,1,0.22,0,0,0.2,0,0,0,0,0,0,0,0,1,0.25,0,1,0,0,0.25,0.7
dataset_gene_ontology_term,0,0,1,0.22,0,0,0.2,0,0,0,0,0,0,0,0,1,0.25,0,1,0,0,0.25,0.7
genes-data,0,0,1,0.22,0,0,0.2,0,0,0,0,0,0,0,0,1,0.25,0,1,0,0,0.25,0.7
gene-ontology-classification-of-protein-sequence,0,0,1,0.22,0,0,0.2,0,0,0,0,0,0,0,0,1,0.25,0,1,0,0,0.25,0.7
sepsis_gene_knowledgegraph_ontology,0,0,1,0.22,0,0,0.2,0,0,0,0,0,0,0,0,1,0.25,0,1,0,0,0.25,0.7
gocluster,0,0,1,0.22,0,0,0.2,0,0,0,0,0,0,0,0,1,0.25,0,1,0,0,0.25,0.7
regeneration-in-drosophila-melanogaster,0,0,1,0.22,0,0,0.2,0,0,0,0,0,0,0,0,1,0.25,0,1,0,0,0.25,0.7
ppi-research,0,0,1,0.22,0,0,0.2,0,0,0,0,0,0,0,0,1,0.25,0,1,0,0,0.25,0.7
clusterprofiler,0,0,1,0.44,0,0,0.24,0,0,0,0,0,1,1,0,1,0.75,0,1,0,0,0.25,1.24
go-rdf,0,0,1,0.22,0,0,0.2,0,0,0,0,0,0,0,0,1,0.25,0,1,0,0,0.25,0.7
gograph,0,0,1,0.22,0,0,0.2,0,0,0,0,0,0,0,0,1,0.25,0,1,0,0,0.25,0.7
geneontologynextgeneration,0,0,1,0.22,0,0,0.2,0,0,0,0,0,0,0,0,1,0.25,0,1,0,0,0.25,0.7
gopher,0,0,1,0.22,0,0,0.2,0,0,0,0,0,0,0,0,1,0.25,0,1,0,0,0.25,0.7
bayesgo2do,0,0,1,0.22,0,0,0.2,0,0,0,0,0,0,0,0,1,0.25,0,1,0,0,0.25,0.7
gene-ontology-database,0,0,1,0.22,0,0,0.2,0,0,0,0,0,0,0,0,1,0.25,0,1,0,0,0.25,0.7
basic-gene-ontology,0,0,1,0.22,0,0,0.2,0,0,0,0,0,0,0,0,1,0.25,0,1,0,0,0.25,0.7
wbo-gene-ontology,0,0,1,0.22,0,0,0.2,0,0,0,0,0,0,0,0,1,0.25,0,1,0,0,0.25,0.7
gene-pleiotropy,0,0,1,0.22,0,0,0.2,0,0,0,0,0,0,0,0,1,0.25,0,1,0,0,0.25,0.7
gene-ontology-enrichment,0,0,1,0.22,0,0,0.2,0,0,0,0,0,0,0,0,1,0.25,0,1,0,0,0.25,0.7
bluegenes-gene-ontology,0,0,1,0.33,0,0,0.22,0,0,0,0,0,0,1,0,1,0.5,0,1,0,0,0.25,0.97
bacteria-ontology,0,0,1,0.22,0,0,0.2,0,0,0,0,0,0,0,0,1,0.25,0,1,0,0,0.25,0.7
go_ltr,0,0,1,0.22,0,0,0.2,0,0,0,0,0,0,0,0,1,0.25,0,1,0,0,0.25,0.7
ogg-bacteria,1,0,1,0.44,1,0,0.57,0,0,0,0,0,0,1,0,1,0.5,0,1,0,0,0.25,1.32
ensembl_to_go,0,0,1,0.22,0,0,0.2,0,0,0,0,0,0,0,0,1,0.25,0,1,0,0,0.25,0.7
ontologyclassgenerator,0,0,1,0.22,0,0,0.2,0,0,0,0,0,0,0,0,1,0.25,0,1,0,0,0.25,0.7
geneontology,0,0,1,0.22,0,0,0.2,0,0,0,0,0,0,0,0,1,0.25,0,1,0,0,0.25,0.7
phewas-sd,0,0,1,0.22,0,0,0.2,0,0,0,0,0,0,0,0,1,0.25,0,1,0,0,0.25,0.7
goo,0,0,1,0.22,0,0,0.2,0,0,0,0,0,0,0,0,1,0.25,0,1,0,0,0.25,0.7
go-analysis,0,0,1,0.22,0,0,0.2,0,0,0,0,0,0,0,0,1,0.25,0,1,0,0,0.25,0.7
gdo,0,0,1,0.22,0,0,0.2,0,0,0,0,0,0,0,0,1,0.25,0,1,0,0,0.25,0.7
gosum,0,0,1,0.22,0,0,0.2,0,0,0,0,0,0,0,0,1,0.25,0,1,0,0,0.25,0.7
goenrichment.jl,0,0,1,0.33,0,0,0.22,0,0,0,0,0,1,0,0,1,0.5,0,1,0,0,0.25,0.97
gow,0,0,1,0.22,0,0,0.2,0,0,0,0,0,0,0,0,1,0.25,0,1,0,0,0.25,0.7
bulk_rna_sequencing,0,0,1,0.22,0,0,0.2,0,0,0,0,0,0,0,0,1,0.25,0,1,0,0,0.25,0.7
page_mpo,0,0,1,0.22,0,0,0.2,0,0,0,0,0,0,0,0,1,0.25,0,1,0,0,0.25,0.7
goal2.0,0,0,1,0.22,0,0,0.2,0,0,0,0,0,0,0,0,1,0.25,0,1,0,0,0.25,0.7
clustering_on_gene_annotations,0,0,1,0.22,0,0,0.2,0,0,0,0,0,0,0,0,1,0.25,0,1,0,0,0.25,0.7
pslg-server,0,0,1,0.22,0,0,0.2,0,0,0,0,0,0,0,0,1,0.25,0,1,0,0,0.25,0.7
viral,0,0,1,0.22,0,0,0.2,0,0,0,0,0,0,0,0,1,0.25,0,1,0,0,0.25,0.7
binf,0,0,1,0.22,0,0,0.2,0,0,0,0,0,0,0,0,1,0.25,0,1,0,0,0.25,0.7
geneexpression-dataparser,0,0,1,0.22,0,0,0.2,0,0,0,0,0,0,0,0,1,0.25,0,1,0,0,0.25,0.7
10x_human_cerebellum_organoid,0,0,1,0.22,0,0,0.2,0,0,0,0,0,0,0,0,1,0.25,0,1,0,0,0.25,0.7
tissuephenomicsontology,0,0,1,0.22,0,0,0.2,0,0,0,0,0,0,0,0,1,0.25,0,1,0,0,0.25,0.7
htao,0,0,1,0.22,0,0,0.2,0,0,0,0,0,0,0,0,1,0.25,0,1,0,0,0.25,0.7
cellfinder,0,0,1,0.22,0,0,0.2,0,0,0,0,0,0,0,0,1,0.25,0,1,0,0,0.25,0.7
gombo,0,0,1,0.22,0,0,0.2,0,0,0,0,0,0,0,0,1,0.25,0,1,0,0,0.25,0.7
cellxgene-ontology-guide,0,0,1,0.33,0,0,0.22,0,0,0,0,0,0,1,0,1,0.5,0,1,0,0,0.25,0.97
zebrafish-anatomical-ontology,0,0,1,0.44,0,0,0.24,0,0,0,0,0,1,1,0,1,0.75,0,1,0,0,0.25,1.24
scdo-ontology,0,0,1,0.22,0,0,0.2,0,0,0,0,0,0,0,0,1,0.25,0,1,0,0,0.25,0.7
domain-sofc,0,0,1,0.22,0,0,0.2,0,0,0,0,0,0,0,0,1,0.25,0,1,0,0,0.25,0.7
scatlas,0,0,1,0.22,0,0,0.2,0,0,0,0,0,0,0,0,1,0.25,0,1,0,0,0.25,0.7
whole_human_brain_ontology,0,0,1,0.22,0,0,0.2,0,0,0,0,0,0,0,0,1,0.25,0,1,0,0,0.25,0.7
biological_co_analysis,0,0,1,0.22,0,0,0.2,0,0,0,0,0,0,0,0,1,0.25,0,1,0,0,0.25,0.7
cmeo,0,0,1,0.22,0,0,0.2,0,0,0,0,0,0,0,0,1,0.25,0,1,0,0,0.25,0.7
oncocl,0,0,1,0.22,0,0,0.2,0,0,0,0,0,0,0,0,1,0.25,0,1,0,0,0.25,0.7
peroman,0,0,1,0.22,0,0,0.2,0,0,0,0,0,0,0,0,1,0.25,0,1,0,0,0.25,0.7
obo_parser,0,0,1,0.22,0,0,0.2,0,0,0,0,0,0,0,0,1,0.25,0,1,0,0,0.25,0.7
phenostacks,0,0,1,0.22,0,0,0.2,0,0,0,0,0,0,0,0,1,0.25,0,1,0,0,0.25,0.7
human-phenotype-challenge,0,0,1,0.22,0,0,0.2,0,0,0,0,0,0,0,0,1,0.25,0,1,0,0,0.25,0.7
hpo_mp_matching,0,0,1,0.22,0,0,0.2,0,0,0,0,0,0,0,0,1,0.25,0,1,0,0,0.25,0.7
hpo_study_04_12_2020,0,0,1,0.22,0,0,0.2,0,0,0,0,0,0,0,0,1,0.25,0,1,0,0,0.25,0.7
human-developmental-anatomy-ontology,0,0,1,0.44,0,0,0.24,0,0,0,0,0,1,1,0,1,0.75,0,1,0,0,0.25,1.24
myupheno1,0,0,1,0.33,0,0,0.22,0,0,0,0,0,0,1,0,1,0.5,0,1,0,0,0.25,0.97
homology-ontology,0,0.2,1,0.56,0,0,0.29,1,1,1,0,0.75,1,1,0,1,0.75,0,1,0,1,0.5,2.29
infectious-disease-ontology,0,0,1,0.22,0,0,0.2,0,0,0,0,0,0,0,0,1,0.25,0,1,0,0,0.25,0.7
diseases-ontology,0,0,1,0.22,0,0,0.2,0,0,0,0,0,0,0,0,1,0.25,0,1,0,0,0.25,0.7
neurological-disease-ontology,0,0,1,0.22,0,0,0.2,0,0,0,0,0,0,0,0,1,0.25,0,1,0,0,0.25,0.7
diseasedriversontology,0,0,1,0.33,0,0,0.22,0,0,0,0,0,0,1,0,1,0.5,0,1,0,0,0.25,0.97
dermatology,0,0,1,0.22,0,0,0.2,0,0,0,0,0,0,0,0,1,0.25,0,1,0,0,0.25,0.7
idoschisto,0,0,1,0.22,0,0,0.2,0,0,0,0,0,0,0,0,1,0.25,0,1,0,0,0.25,0.7
diseaseontology,0,0,1,0.22,0,0,0.2,0,0,0,0,0,0,0,0,1,0.25,0,1,0,0,0.25,0.7
idomen,0,0,1,0.22,0,0,0.2,0,0,0,0,0,0,0,0,1,0.25,0,1,0,0,0.25,0.7
ohboi_human_bacterial_infectious_disease_ontology_semtech_an,0,0,1,0.22,0,0,0.2,0,0,0,0,0,0,0,0,1,0.25,0,1,0,0,0.25,0.7
viraldiseasesanddrugs,0,0,1,0.22,0,0,0.2,0,0,0,0,0,0,0,0,1,0.25,0,1,0,0,0.25,0.7
disease-ontology_human-disease-ontology,0,0,1,0.22,0,0,0.2,0,0,0,0,0,0,0,0,1,0.25,0,1,0,0,0.25,0.7
diseasesontology,0,0,1,0.22,0,0,0.2,0,0,0,0,0,0,0,0,1,0.25,0,1,0,0,0.25,0.7
do-master-table,0,0,1,0.22,0,0,0.2,0,0,0,0,0,0,0,0,1,0.25,0,1,0,0,0.25,0.7
disease-incidence-ontology,0,0,1,0.22,0,0,0.2,0,0,0,0,0,0,0,0,1,0.25,0,1,0,0,0.25,0.7
crohn-ontology,0,0,1,0.22,0,0,0.2,0,0,0,0,0,0,0,0,1,0.25,0,1,0,0,0.25,0.7
radipo,0,0,1,0.22,0,0,0.2,0,0,0,0,0,0,0,0,1,0.25,0,1,0,0,0.25,0.7
pido,0,0,1,0.22,0,0,0.2,0,0,0,0,0,0,0,0,1,0.25,0,1,0,0,0.25,0.7
rice-pest-disease-ontology,0,0,1,0.22,0,0,0.2,0,0,0,0,0,0,0,0,1,0.25,0,1,0,0,0.25,0.7
yado,0,0,1,0.22,0,0,0.2,0,0,0,0,0,0,0,0,1,0.25,0,1,0,0,0.25,0.7
cancerdiseaseontology,0,0,1,0.22,0,0,0.2,0,0,0,0,0,0,0,0,1,0.25,0,1,0,0,0.25,0.7
eyediseaseontology,0,0,1,0.22,0,0,0.2,0,0,0,0,0,0,0,0,1,0.25,0,1,0,0,0.25,0.7
infectious-diseases-ontology,0,0,1,0.22,0,0,0.2,0,0,0,0,0,0,0,0,1,0.25,0,1,0,0,0.25,0.7
ocular-disease-ontology,0,0,1,0.22,0,0,0.2,0,0,0,0,0,0,0,0,1,0.25,0,1,0,0,0.25,0.7
cardiovasculardiseasesontology,0,0,1,0.22,0,0,0.2,0,0,0,0,0,0,0,0,1,0.25,0,1,0,0,0.25,0.7
huma_disease_ontology,0,0,1,0.22,0,0,0.2,0,0,0,0,0,0,0,0,1,0.25,0,1,0,0,0.25,0.7
ovd,0,0,1,0.22,0,0,0.2,0,0,0,0,0,0,0,0,1,0.25,0,1,0,0,0.25,0.7
animal-disease-symptom-ontology,1,0,1,0.33,1,0,0.56,0,0,0,0,0,0,0,0,1,0.25,0,1,0,0,0.25,1.06
bacteria-infectious-disease-ontology,0,0,1,0.22,0,0,0.2,0,0,0,0,0,0,0,0,1,0.25,0,1,0,0,0.25,0.7
adni_ontology,0,0,1,0.22,0,0,0.2,0,0,0,0,0,0,0,0,1,0.25,0,1,0,0,0.25,0.7
ordi,0,0,1,0.22,0,0,0.2,0,0,0,0,0,0,0,0,1,0.25,0,1,0,0,0.25,0.7
hcdo,0,0,1,0.22,0,0,0.2,0,0,0,0,0,0,0,0,1,0.25,0,1,0,0,0.25,0.7
ntdo,0,0,1,0.22,0,0,0.2,0,0,0,0,0,0,0,0,1,0.25,0,1,0,0,0.25,0.7
bcontology,0,0,1,0.22,0,0,0.2,0,0,0,0,0,0,0,0,1,0.25,0,1,0,0,0.25,0.7
covid-19-ontology,0,0,1,0.22,0,0,0.2,0,0,0,0,0,0,0,0,1,0.25,0,1,0,0,0.25,0.7
odao,0,0,1,0.22,0,0,0.2,0,0,0,0,0,0,0,0,1,0.25,0,1,0,0,0.25,0.7
opioiddrugontology.github.io,0,0,1,0.33,0,0,0.22,0,0,0,0,0,0,1,0,1,0.5,0,1,0,0,0.25,0.97
uc_fooddruginteractionontology,0,0,1,0.22,0,0,0.2,0,0,0,0,0,0,0,0,1,0.25,0,1,0,0,0.25,0.7
dibo-ontology,0,0,1,0.22,0,0,0.2,0,0,0,0,0,0,0,0,1,0.25,0,1,0,0,0.25,0.7
dibo,0,0,1,0.22,0,0,0.2,0,0,0,0,0,0,0,0,1,0.25,0,1,0,0,0.25,0.7
breast_cancer_ontology,0,0,1,0.22,0,0,0.2,0,0,0,0,0,0,0,0,1,0.25,0,1,0,0,0.25,0.7
covid19-epidemiology-ontology,0,0,1,0.22,0,0,0.2,0,0,0,0,0,0,0,0,1,0.25,0,1,0,0,0.25,0.7
vfb-scrnaseq-ontology,0,0,1,0.22,0,0,0.2,0,0,0,0,0,0,0,0,1,0.25,0,1,0,0,0.25,0.7
orsa,0,0,1,0.22,0,0,0.2,0,0,0,0,0,0,0,0,1,0.25,0,1,0,0,0.25,0.7
ucva,0,0,1,0.22,0,0,0.2,0,0,0,0,0,0,0,0,1,0.25,0,1,0,0,0.25,0.7
jso,0,0,1,0.22,0,0,0.2,0,0,0,0,0,0,0,0,1,0.25,0,1,0,0,0.25,0.7
mirapie,0,0,1,0.22,0,0,0.2,0,0,0,0,0,0,0,0,1,0.25,0,1,0,0,0.25,0.7
pghdprov,0,0,1,0.22,0,0,0.2,0,0,0,0,0,0,0,0,1,0.25,0,1,0,0,0.25,0.7
koio,0,0,1,0.22,0,0,0.2,0,0,0,0,0,0,0,0,1,0.25,0,1,0,0,0.25,0.7
datahub,1,0,1,0.67,1,1,0.78,0,1,0,1,0.5,0,1,0,1,0.5,0,1,0,1,0.5,2.28
genevieve,0,0,1,0.22,0,0,0.2,0,0,0,0,0,0,0,0,1,0.25,0,1,0,0,0.25,0.7
gdco,0,0,1,0.22,0,0,0.2,0,0,0,0,0,0,0,0,1,0.25,0,1,0,0,0.25,0.7
tm-other-factors,0,0,1,0.22,0,0,0.2,0,0,0,0,0,0,0,0,1,0.25,0,1,0,0,0.25,0.7
rdao,0,0,1,0.22,0,0,0.2,0,0,0,0,0,0,0,0,1,0.25,0,1,0,0,0.25,0.7
hfo,0,0,1,0.22,0,0,0.2,0,0,0,0,0,0,0,0,1,0.25,0,1,0,0,0.25,0.7
gfvo,0,0,1,0.22,0,0,0.2,0,0,0,0,0,0,0,0,1,0.25,0,1,0,0,0.25,0.7
g4-dsip,0,0,1,0.22,0,0,0.2,0,0,0,0,0,0,0,0,1,0.25,0,1,0,0,0.25,0.7
fisho,0,0,1,0.22,0,0,0.2,0,0,0,0,0,0,0,0,1,0.25,0,1,0,0,0.25,0.7
simon,0,0,1,0.22,0,0,0.2,0,0,0,0,0,0,0,0,1,0.25,0,1,0,0,0.25,0.7
injurytypes,0,0,1,0.22,0,0,0.2,0,0,0,0,0,0,0,0,1,0.25,0,1,0,0,0.25,0.7
cst,0,0,1,0.22,0,0,0.2,0,0,0,0,0,0,0,0,1,0.25,0,1,0,0,0.25,0.7
cstd,0,0,1,0.22,0,0,0.2,0,0,0,0,0,0,0,0,1,0.25,0,1,0,0,0.25,0.7
vimm,0,0,1,0.22,0,0,0.2,0,0,0,0,0,0,0,0,1,0.25,0,1,0,0,0.25,0.7
ontopbm,0,0,1,0.22,0,0,0.2,0,0,0,0,0,0,0,0,1,0.25,0,1,0,0,0.25,0.7
icd11-bodysystem,0,0,1,0.22,0,0,0.2,0,0,0,0,0,0,0,0,1,0.25,0,1,0,0,0.25,0.7
vodanadiseases,0,0,1,0.22,0,0,0.2,0,0,0,0,0,0,0,0,1,0.25,0,1,0,0,0.25,0.7
iso19115mi,0,0,1,0.22,0,0,0.2,0,0,0,0,0,0,0,0,1,0.25,0,1,0,0,0.25,0.7
bim,0,0,1,0.22,0,0,0.2,0,0,0,0,0,0,0,0,1,0.25,0,1,0,0,0.25,0.7
hmis033b,0,0,1,0.22,0,0,0.2,0,0,0,0,0,0,0,0,1,0.25,0,1,0,0,0.25,0.7
rda-issuance,0,0,1,0.22,0,0,0.2,0,0,0,0,0,0,0,0,1,0.25,0,1,0,0,0.25,0.7
typon,0,0,1,0.22,0,0,0.2,0,0,0,0,0,0,0,0,1,0.25,0,1,0,0,0.25,0.7
test-m4m20-pav,0,0,1,0.22,0,0,0.2,0,0,0,0,0,0,0,0,1,0.25,0,1,0,0,0.25,0.7
neudigs,0,0,1,0.22,0,0,0.2,0,0,0,0,0,0,0,0,1,0.25,0,1,0,0,0.25,0.7
opde,0,0,1,0.22,0,0,0.2,0,0,0,0,0,0,0,0,1,0.25,0,1,0,0,0.25,0.7
opdt,0,0,1,0.22,0,0,0.2,0,0,0,0,0,0,0,0,1,0.25,0,1,0,0,0.25,0.7
ncod,0,0,1,0.22,0,0,0.2,0,0,0,0,0,0,0,0,1,0.25,0,1,0,0,0.25,0.7
lc-media,0,0,1,0.22,0,0,0.2,0,0,0,0,0,0,0,0,1,0.25,0,1,0,0,0.25,0.7
rnprio,0,0,1,0.22,0,0,0.2,0,0,0,0,0,0,0,0,1,0.25,0,1,0,0,0.25,0.7
nnd_nd,0,0,1,0.22,0,0,0.2,0,0,0,0,0,0,0,0,1,0.25,0,1,0,0,0.25,0.7
iso19115id,0,0,1,0.22,0,0,0.2,0,0,0,0,0,0,0,0,1,0.25,0,1,0,0,0.25,0.7
rdo,0,0,1,0.22,0,0,0.2,0,0,0,0,0,0,0,0,1,0.25,0,1,0,0,0.25,0.7
testex,0,0,1,0.22,0,0,0.2,0,0,0,0,0,0,0,0,1,0.25,0,1,0,0,0.25,0.7
ahso,0,0,1,0.22,0,0,0.2,0,0,0,0,0,0,0,0,1,0.25,0,1,0,0,0.25,0.7
imobo,0,0,1,0.22,0,0,0.2,0,0,0,0,0,0,0,0,1,0.25,0,1,0,0,0.25,0.7
rao,0,0,1,0.22,0,0,0.2,0,0,0,0,0,0,0,0,1,0.25,0,1,0,0,0.25,0.7
covidcrfrapid,0,0,1,0.22,0,0,0.2,0,0,0,0,0,0,0,0,1,0.25,0,1,0,0,0.25,0.7
ogroup,0,0,1,0.22,0,0,0.2,0,0,0,0,0,0,0,0,1,0.25,0,1,0,0,0.25,0.7
cokpme,0,0,1,0.22,0,0,0.2,0,0,0,0,0,0,0,0,1,0.25,0,1,0,0,0.25,0.7
odht,0,0,1,0.22,0,0,0.2,0,0,0,0,0,0,0,0,1,0.25,0,1,0,0,0.25,0.7
iso19115pr,0,0,1,0.22,0,0,0.2,0,0,0,0,0,0,0,0,1,0.25,0,1,0,0,0.25,0.7
pgxo,0,0,1,0.22,0,0,0.2,0,0,0,0,0,0,0,0,1,0.25,0,1,0,0,0.25,0.7
top-menelas,0,0,1,0.22,0,0,0.2,0,0,0,0,0,0,0,0,1,0.25,0,1,0,0,0.25,0.7
vodaigeria,0,0,1,0.22,0,0,0.2,0,0,0,0,0,0,0,0,1,0.25,0,1,0,0,0.25,0.7
infrarisk,0,0,1,0.22,0,0,0.2,0,0,0,0,0,0,0,0,1,0.25,0,1,0,0,0.25,0.7
wc,0,0,1,0.22,0,0,0.2,0,0,0,0,0,0,0,0,1,0.25,0,1,0,0,0.25,0.7
vvmm,0,0,1,0.22,0,0,0.2,0,0,0,0,0,0,0,0,1,0.25,0,1,0,0,0.25,0.7
gamuts,0,0,1,0.22,0,0,0.2,0,0,0,0,0,0,0,0,1,0.25,0,1,0,0,0.25,0.7
ecosim,0,0,1,0.22,0,0,0.2,0,0,0,0,0,0,0,0,1,0.25,0,1,0,0,0.25,0.7
aura,0,0,1,0.22,0,0,0.2,0,0,0,0,0,0,0,0,1,0.25,0,1,0,0,0.25,0.7
frmo,0,0,1,0.22,0,0,0.2,0,0,0,0,0,0,0,0,1,0.25,0,1,0,0,0.25,0.7
plio,0,0,1,0.22,0,0,0.2,0,0,0,0,0,0,0,0,1,0.25,0,1,0,0,0.25,0.7
flyglycodb,0,0,1,0.22,0,0,0.2,0,0,0,0,0,0,0,0,1,0.25,0,1,0,0,0.25,0.7
ldbase,0,0,1,0.22,0,0,0.2,0,0,0,0,0,0,0,0,1,0.25,0,1,0,0,0.25,0.7
admin,0,0,1,0.22,0,0,0.2,0,0,0,0,0,0,0,0,1,0.25,0,1,0,0,0.25,0.7
hivhpvstom,0,0,1,0.22,0,0,0.2,0,0,0,0,0,0,0,0,1,0.25,0,1,0,0,0.25,0.7
fplx,0,0,1,0.22,0,0,0.2,0,0,0,0,0,0,0,0,1,0.25,0,1,0,0,0.25,0.7
epso,0,0,1,0.22,0,0,0.2,0,0,0,0,0,0,0,0,1,0.25,0,1,0,0,0.25,0.7
epie,0,0,1,0.22,0,0,0.2,0,0,0,0,0,0,0,0,1,0.25,0,1,0,0,0.25,0.7
epip,0,0,1,0.22,0,0,0.2,0,0,0,0,0,0,0,0,1,0.25,0,1,0,0,0.25,0.7
land-surface,0,0,1,0.22,0,0,0.2,0,0,0,0,0,0,0,0,1,0.25,0,1,0,0,0.25,0.7
panda,0,0,1,0.22,0,0,0.2,0,0,0,0,0,0,0,0,1,0.25,0,1,0,0,0.25,0.7
nnd_ch,0,0,1,0.22,0,0,0.2,0,0,0,0,0,0,0,0,1,0.25,0,1,0,0,0.25,0.7
dsip,0,0,1,0.22,0,0,0.2,0,0,0,0,0,0,0,0,1,0.25,0,1,0,0,0.25,0.7
lcdgt,0,0,1,0.22,0,0,0.2,0,0,0,0,0,0,0,0,1,0.25,0,1,0,0,0.25,0.7
sugarbind,0,0,1,0.22,0,0,0.2,0,0,0,0,0,0,0,0,1,0.25,0,1,0,0,0.25,0.7
omv,0,0,1,0.22,0,0,0.2,0,0,0,0,0,0,0,0,1,0.25,0,1,0,0,0.25,0.7
apaocuemploy,0,0,1,0.22,0,0,0.2,0,0,0,0,0,0,0,0,1,0.25,0,1,0,0,0.25,0.7
glyco,0,0,1,0.22,0,0,0.2,0,0,0,0,0,0,0,0,1,0.25,0,1,0,0,0.25,0.7
tm-const,0,0,1,0.22,0,0,0.2,0,0,0,0,0,0,0,0,1,0.25,0,1,0,0,0.25,0.7
cdmonto,0,0,1,0.22,0,0,0.2,0,0,0,0,0,0,0,0,1,0.25,0,1,0,0,0.25,0.7
rgd,0,0,1,0.22,0,0,0.2,0,0,0,0,0,0,0,0,1,0.25,0,1,0,0,0.25,0.7
gbol,0,0,1,0.22,0,0,0.2,0,0,0,0,0,0,0,0,1,0.25,0,1,0,0,0.25,0.7
tp_rel_fam,0,0,1,0.22,0,0,0.2,0,0,0,0,0,0,0,0,1,0.25,0,1,0,0,0.25,0.7
allergidoc,0,0,1,0.22,0,0,0.2,0,0,0,0,0,0,0,0,1,0.25,0,1,0,0,0.25,0.7
haroreado,0,0,1,0.22,0,0,0.2,0,0,0,0,0,0,0,0,1,0.25,0,1,0,0,0.25,0.7
cmr-qa,0,0,1,0.22,0,0,0.2,0,0,0,0,0,0,0,0,1,0.25,0,1,0,0,0.25,0.7
neomark4,0,0,1,0.22,0,0,0.2,0,0,0,0,0,0,0,0,1,0.25,0,1,0,0,0.25,0.7
pmd,0,0,1,0.22,0,0,0.2,0,0,0,0,0,0,0,0,1,0.25,0,1,0,0,0.25,0.7
pmdo,0,0,1,0.22,0,0,0.2,0,0,0,0,0,0,0,0,1,0.25,0,1,0,0,0.25,0.7
comodi,0,0,1,0.22,0,0,0.2,0,0,0,0,0,0,0,0,1,0.25,0,1,0,0,0.25,0.7
e-ppo,0,0,1,0.22,0,0,0.2,0,0,0,0,0,0,0,0,1,0.25,0,1,0,0,0.25,0.7
sos,0,0,1,0.22,0,0,0.2,0,0,0,0,0,0,0,0,1,0.25,0,1,0,0,0.25,0.7
chd,0,0,1,0.22,0,0,0.2,0,0,0,0,0,0,0,0,1,0.25,0,1,0,0,0.25,0.7
boshi,0,0,1,0.22,0,0,0.2,0,0,0,0,0,0,0,0,1,0.25,0,1,0,0,0.25,0.7
idg_gl,0,0,1,0.22,0,0,0.2,0,0,0,0,0,0,0,0,1,0.25,0,1,0,0,0.25,0.7
gco,0,0,1,0.22,0,0,0.2,0,0,0,0,0,0,0,0,1,0.25,0,1,0,0,0.25,0.7
zonmw-generic,0,0,1,0.22,0,0,0.2,0,0,0,0,0,0,0,0,1,0.25,0,1,0,0,0.25,0.7
extract,0,0,1,0.22,0,0,0.2,0,0,0,0,0,0,0,0,1,0.25,0,1,0,0,0.25,0.7
vodana-mpa,0,0,1,0.22,0,0,0.2,0,0,0,0,0,0,0,0,1,0.25,0,1,0,0,0.25,0.7
hmado,0,0,1,0.22,0,0,0.2,0,0,0,0,0,0,0,0,1,0.25,0,1,0,0,0.25,0.7
ontokbcf,0,0,1,0.22,0,0,0.2,0,0,0,0,0,0,0,0,1,0.25,0,1,0,0,0.25,0.7
electrica,0,0,1,0.22,0,0,0.2,0,0,0,0,0,0,0,0,1,0.25,0,1,0,0,0.25,0.7
covid19-ibo,0,0,1,0.22,0,0,0.2,0,0,0,0,0,0,0,0,1,0.25,0,1,0,0,0.25,0.7
rctv2,0,0,1,0.22,0,0,0.2,0,0,0,0,0,0,0,0,1,0.25,0,1,0,0,0.25,0.7
dhmo,0,0,1,0.22,0,0,0.2,0,0,0,0,0,0,0,0,1,0.25,0,1,0,0,0.25,0.7
medeon,0,0,1,0.22,0,0,0.2,0,0,0,0,0,0,0,0,1,0.25,0,1,0,0,0.25,0.7
npokb,0,0,1,0.22,0,0,0.2,0,0,0,0,0,0,0,0,1,0.25,0,1,0,0,0.25,0.7
dsip2324_demo,0,0,1,0.22,0,0,0.2,0,0,0,0,0,0,0,0,1,0.25,0,1,0,0,0.25,0.7
apaonto,0,0,1,0.22,0,0,0.2,0,0,0,0,0,0,0,0,1,0.25,0,1,0,0,0.25,0.7
vodanamflcode,0,0,1,0.22,0,0,0.2,0,0,0,0,0,0,0,0,1,0.25,0,1,0,0,0.25,0.7
cisaviado,0,0,1,0.22,0,0,0.2,0,0,0,0,0,0,0,0,1,0.25,0,1,0,0,0.25,0.7
cso,0,0,1,0.22,0,0,0.2,0,0,0,0,0,0,0,0,1,0.25,0,1,0,0,0.25,0.7
asdf,0,0,1,0.22,0,0,0.2,0,0,0,0,0,0,0,0,1,0.25,0,1,0,0,0.25,0.7
ontosinasc,0,0,1,0.22,0,0,0.2,0,0,0,0,0,0,0,0,1,0.25,0,1,0,0,0.25,0.7
cidoc-crm,0,0,1,0.22,0,0,0.2,0,0,0,0,0,0,0,0,1,0.25,0,1,0,0,0.25,0.7
roo,0,0,1,0.22,0,0,0.2,0,0,0,0,0,0,0,0,1,0.25,0,1,0,0,0.25,0.7
sty,0,0,1,0.22,0,0,0.2,0,0,0,0,0,0,0,0,1,0.25,0,1,0,0,0.25,0.7
covid-19-ont-pm,0,0,1,0.22,0,0,0.2,0,0,0,0,0,0,0,0,1,0.25,0,1,0,0,0.25,0.7
nmdco,0,0,1,0.22,0,0,0.2,0,0,0,0,0,0,0,0,1,0.25,0,1,0,0,0.25,0.7
ogr,0,0,1,0.22,0,0,0.2,0,0,0,0,0,0,0,0,1,0.25,0,1,0,0,0.25,0.7
iso19115ex,0,0,1,0.22,0,0,0.2,0,0,0,0,0,0,0,0,1,0.25,0,1,0,0,0.25,0.7
ontodm-kdd,0,0,1,0.22,0,0,0.2,0,0,0,0,0,0,0,0,1,0.25,0,1,0,0,0.25,0.7
esfo,0,0,1,0.22,0,0,0.2,0,0,0,0,0,0,0,0,1,0.25,0,1,0,0,0.25,0.7
sbol,0,0,1,0.22,0,0,0.2,0,0,0,0,0,0,0,0,1,0.25,0,1,0,0,0.25,0.7
gdoa,0,0,1,0.22,0,0,0.2,0,0,0,0,0,0,0,0,1,0.25,0,1,0,0,0.25,0.7
mello-d,0,0,1,0.22,0,0,0.2,0,0,0,0,0,0,0,0,1,0.25,0,1,0,0,0.25,0.7
fire,0,0,1,0.22,0,0,0.2,0,0,0,0,0,0,0,0,1,0.25,0,1,0,0,0.25,0.7
ecm4m-md-vocabs,0,0,1,0.22,0,0,0.2,0,0,0,0,0,0,0,0,1,0.25,0,1,0,0,0.25,0.7
patit,0,0,1,0.22,0,0,0.2,0,0,0,0,0,0,0,0,1,0.25,0,1,0,0,0.25,0.7
itemas,0,0,1,0.22,0,0,0.2,0,0,0,0,0,0,0,0,1,0.25,0,1,0,0,0.25,0.7
senso,0,0,1,0.22,0,0,0.2,0,0,0,0,0,0,0,0,1,0.25,0,1,0,0,0.25,0.7
bof,0,0,1,0.22,0,0,0.2,0,0,0,0,0,0,0,0,1,0.25,0,1,0,0,0.25,0.7
uganda_diseases,0,0,1,0.22,0,0,0.2,0,0,0,0,0,0,0,0,1,0.25,0,1,0,0,0.25,0.7
taon,0,0,1,0.22,0,0,0.2,0,0,0,0,0,0,0,0,1,0.25,0,1,0,0,0.25,0.7
spo,0,0,1,0.22,0,0,0.2,0,0,0,0,0,0,0,0,1,0.25,0,1,0,0,0.25,0.7
oborel,0,0,1,0.22,0,0,0.2,0,0,0,0,0,0,0,0,1,0.25,0,1,0,0,0.25,0.7
xeo,0,0,1,0.22,0,0,0.2,0,0,0,0,0,0,0,0,1,0.25,0,1,0,0,0.25,0.7
doves,0,0,1,0.22,0,0,0.2,0,0,0,0,0,0,0,0,1,0.25,0,1,0,0,0.25,0.7
bpforms,0,0,1,0.22,0,0,0.2,0,0,0,0,0,0,0,0,1,0.25,0,1,0,0,0.25,0.7
datacite,0,0,1,0.22,0,0,0.2,0,0,0,0,0,0,0,0,1,0.25,0,1,0,0,0.25,0.7
marc-relators,0,0,1,0.22,0,0,0.2,0,0,0,0,0,0,0,0,1,0.25,0,1,0,0,0.25,0.7
fdc-gdmt,0,0,1,0.22,0,0,0.2,0,0,0,0,0,0,0,0,1,0.25,0,1,0,0,0.25,0.7
ontotox,0,0,1,0.22,0,0,0.2,0,0,0,0,0,0,0,0,1,0.25,0,1,0,0,0.25,0.7
pma,0,0,1,0.22,0,0,0.2,0,0,0,0,0,0,0,0,1,0.25,0,1,0,0,0.25,0.7
sto-draft,0,0,1,0.22,0,0,0.2,0,0,0,0,0,0,0,0,1,0.25,0,1,0,0,0.25,0.7
bto-provo,0,0,1,0.22,0,0,0.2,0,0,0,0,0,0,0,0,1,0.25,0,1,0,0,0.25,0.7
dct,0,0,1,0.22,0,0,0.2,0,0,0,0,0,0,0,0,1,0.25,0,1,0,0,0.25,0.7
into,0,0,1,0.22,0,0,0.2,0,0,0,0,0,0,0,0,1,0.25,0,1,0,0,0.25,0.7
henecon,0,0,1,0.22,0,0,0.2,0,0,0,0,0,0,0,0,1,0.25,0,1,0,0,0.25,0.7
ecso,0,0,1,0.22,0,0,0.2,0,0,0,0,0,0,0,0,1,0.25,0,1,0,0,0.25,0.7
gpml,0,0,1,0.22,0,0,0.2,0,0,0,0,0,0,0,0,1,0.25,0,1,0,0,0.25,0.7
olam,0,0,1,0.22,0,0,0.2,0,0,0,0,0,0,0,0,1,0.25,0,1,0,0,0.25,0.7
olas,0,0,1,0.22,0,0,0.2,0,0,0,0,0,0,0,0,1,0.25,0,1,0,0,0.25,0.7
paino,0,0,1,0.22,0,0,0.2,0,0,0,0,0,0,0,0,1,0.25,0,1,0,0,0.25,0.7
o-rextech,0,0,1,0.22,0,0,0.2,0,0,0,0,0,0,0,0,1,0.25,0,1,0,0,0.25,0.7
fdsajfahsjk,0,0,1,0.22,0,0,0.2,0,0,0,0,0,0,0,0,1,0.25,0,1,0,0,0.25,0.7
bhn,0,0,1,0.22,0,0,0.2,0,0,0,0,0,0,0,0,1,0.25,0,1,0,0,0.25,0.7
brain-cof,0,0,1,0.22,0,0,0.2,0,0,0,0,0,0,0,0,1,0.25,0,1,0,0,0.25,0.7
pnado,0,0,1,0.22,0,0,0.2,0,0,0,0,0,0,0,0,1,0.25,0,1,0,0,0.25,0.7
ontoad,0,0,1,0.22,0,0,0.2,0,0,0,0,0,0,0,0,1,0.25,0,1,0,0,0.25,0.7
hrdo,0,0,1,0.22,0,0,0.2,0,0,0,0,0,0,0,0,1,0.25,0,1,0,0,0.25,0.7
cdpeo,0,0,1,0.22,0,0,0.2,0,0,0,0,0,0,0,0,1,0.25,0,1,0,0,0.25,0.7
elter_cl,0,0,1,0.22,0,0,0.2,0,0,0,0,0,0,0,0,1,0.25,0,1,0,0,0.25,0.7
matrrockigneous,0,0,1,0.22,0,0,0.2,0,0,0,0,0,0,0,0,1,0.25,0,1,0,0,0.25,0.7
bms-lm,0,0,1,0.22,0,0,0.2,0,0,0,0,0,0,0,0,1,0.25,0,1,0,0,0.25,0.7
opdre,0,0,1,0.22,0,0,0.2,0,0,0,0,0,0,0,0,1,0.25,0,1,0,0,0.25,0.7
pmo-speed,0,0,1,0.22,0,0,0.2,0,0,0,0,0,0,0,0,1,0.25,0,1,0,0,0.25,0.7
idoden,0,0,1,0.22,0,0,0.2,0,0,0,0,0,0,0,0,1,0.25,0,1,0,0,0.25,0.7
birthonto,0,0,1,0.22,0,0,0.2,0,0,0,0,0,0,0,0,1,0.25,0,1,0,0,0.25,0.7
meo,0,0,1,0.22,0,0,0.2,0,0,0,0,0,0,0,0,1,0.25,0,1,0,0,0.25,0.7
idem,0,0,1,0.22,0,0,0.2,0,0,0,0,0,0,0,0,1,0.25,0,1,0,0,0.25,0.7
dilon,0,0,1,0.22,0,0,0.2,0,0,0,0,0,0,0,0,1,0.25,0,1,0,0,0.25,0.7
fmpm,0,0,1,0.22,0,0,0.2,0,0,0,0,0,0,0,0,1,0.25,0,1,0,0,0.25,0.7
patct,0,0,1,0.22,0,0,0.2,0,0,0,0,0,0,0,0,1,0.25,0,1,0,0,0.25,0.7
hiv,0,0,1,0.22,0,0,0.2,0,0,0,0,0,0,0,0,1,0.25,0,1,0,0,0.25,0.7
dsip1v,0,0,1,0.22,0,0,0.2,0,0,0,0,0,0,0,0,1,0.25,0,1,0,0,0.25,0.7
suicideo,0,0,1,0.22,0,0,0.2,0,0,0,0,0,0,0,0,1,0.25,0,1,0,0,0.25,0.7
smash,0,0,1,0.22,0,0,0.2,0,0,0,0,0,0,0,0,1,0.25,0,1,0,0,0.25,0.7
gvo,0,0,1,0.22,0,0,0.2,0,0,0,0,0,0,0,0,1,0.25,0,1,0,0,0.25,0.7
ibd,0,0,1,0.22,0,0,0.2,0,0,0,0,0,0,0,0,1,0.25,0,1,0,0,0.25,0.7
iso19115dtc,0,0,1,0.22,0,0,0.2,0,0,0,0,0,0,0,0,1,0.25,0,1,0,0,0.25,0.7
onl-mr-da,0,0,1,0.22,0,0,0.2,0,0,0,0,0,0,0,0,1,0.25,0,1,0,0,0.25,0.7
bipom,0,0,1,0.22,0,0,0.2,0,0,0,0,0,0,0,0,1,0.25,0,1,0,0,0.25,0.7
entity,0,0,1,0.22,0,0,0.2,0,0,0,0,0,0,0,0,1,0.25,0,1,0,0,0.25,0.7
mco4mcre,0,0,1,0.22,0,0,0.2,0,0,0,0,0,0,0,0,1,0.25,0,1,0,0,0.25,0.7
rdl,0,0,1,0.22,0,0,0.2,0,0,0,0,0,0,0,0,1,0.25,0,1,0,0,0.25,0.7
surgical,0,0,1,0.22,0,0,0.2,0,0,0,0,0,0,0,0,1,0.25,0,1,0,0,0.25,0.7
radxtt-mvreasons,0,0,1,0.22,0,0,0.2,0,0,0,0,0,0,0,0,1,0.25,0,1,0,0,0.25,0.7
omco,0,0,1,0.22,0,0,0.2,0,0,0,0,0,0,0,0,1,0.25,0,1,0,0,0.25,0.7
bpt,0,0,1,0.22,0,0,0.2,0,0,0,0,0,0,0,0,1,0.25,0,1,0,0,0.25,0.7
cho,0,0,1,0.22,0,0,0.2,0,0,0,0,0,0,0,0,1,0.25,0,1,0,0,0.25,0.7
bmt,0,0,1,0.22,0,0,0.2,0,0,0,0,0,0,0,0,1,0.25,0,1,0,0,0.25,0.7
weave,0,0,1,0.22,0,0,0.2,0,0,0,0,0,0,0,0,1,0.25,0,1,0,0,0.25,0.7
mnr,0,0,1,0.22,0,0,0.2,0,0,0,0,0,0,0,0,1,0.25,0,1,0,0,0.25,0.7
elig,0,0,1,0.22,0,0,0.2,0,0,0,0,0,0,0,0,1,0.25,0,1,0,0,0.25,0.7
asdpto,0,0,1,0.22,0,0,0.2,0,0,0,0,0,0,0,0,1,0.25,0,1,0,0,0.25,0.7
legalapa,0,0,1,0.22,0,0,0.2,0,0,0,0,0,0,0,0,1,0.25,0,1,0,0,0.25,0.7
deb,0,0,1,0.22,0,0,0.2,0,0,0,0,0,0,0,0,1,0.25,0,1,0,0,0.25,0.7
apro,0,0,1,0.22,0,0,0.2,0,0,0,0,0,0,0,0,1,0.25,0,1,0,0,0.25,0.7
cabro,0,0,1,0.22,0,0,0.2,0,0,0,0,0,0,0,0,1,0.25,0,1,0,0,0.25,0.7
helifit,0,0,1,0.22,0,0,0.2,0,0,0,0,0,0,0,0,1,0.25,0,1,0,0,0.25,0.7
i2sv,0,0,1,0.22,0,0,0.2,0,0,0,0,0,0,0,0,1,0.25,0,1,0,0,0.25,0.7
ochv,0,0,1,0.22,0,0,0.2,0,0,0,0,0,0,0,0,1,0.25,0,1,0,0,0.25,0.7
gro-cpd,0,0,1,0.22,0,0,0.2,0,0,0,0,0,0,0,0,1,0.25,0,1,0,0,0.25,0.7
nifsubcell,0,0,1,0.22,0,0,0.2,0,0,0,0,0,0,0,0,1,0.25,0,1,0,0,0.25,0.7
nmosp,0,0,1,0.22,0,0,0.2,0,0,0,0,0,0,0,0,1,0.25,0,1,0,0,0.25,0.7
hamidehsgh,0,0,1,0.22,0,0,0.2,0,0,0,0,0,0,0,0,1,0.25,0,1,0,0,0.25,0.7
mim,0,0,1,0.22,0,0,0.2,0,0,0,0,0,0,0,0,1,0.25,0,1,0,0,0.25,0.7
sepon,0,0,1,0.22,0,0,0.2,0,0,0,0,0,0,0,0,1,0.25,0,1,0,0,0.25,0.7
tma,0,0,1,0.22,0,0,0.2,0,0,0,0,0,0,0,0,1,0.25,0,1,0,0,0.25,0.7
nero,0,0,1,0.22,0,0,0.2,0,0,0,0,0,0,0,0,1,0.25,0,1,0,0,0.25,0.7
n-cdoh,0,0,1,0.22,0,0,0.2,0,0,0,0,0,0,0,0,1,0.25,0,1,0,0,0.25,0.7
ocdm,0,0,1,0.22,0,0,0.2,0,0,0,0,0,0,0,0,1,0.25,0,1,0,0,0.25,0.7
cedarpc,0,0,1,0.22,0,0,0.2,0,0,0,0,0,0,0,0,1,0.25,0,1,0,0,0.25,0.7
wsm-library,0,0,1,0.22,0,0,0.2,0,0,0,0,0,0,0,0,1,0.25,0,1,0,0,0.25,0.7
mnv,0,0,1,0.22,0,0,0.2,0,0,0,0,0,0,0,0,1,0.25,0,1,0,0,0.25,0.7
nist_gel,0,0,1,0.22,0,0,0.2,0,0,0,0,0,0,0,0,1,0.25,0,1,0,0,0.25,0.7
fast-formgenre,0,0,1,0.22,0,0,0.2,0,0,0,0,0,0,0,0,1,0.25,0,1,0,0,0.25,0.7
galen,0,0,1,0.22,0,0,0.2,0,0,0,0,0,0,0,0,1,0.25,0,1,0,0,0.25,0.7
biomodels,0,0,1,0.22,0,0,0.2,0,0,0,0,0,0,0,0,1,0.25,0,1,0,0,0.25,0.7
pregonto,0,0,1,0.22,0,0,0.2,0,0,0,0,0,0,0,0,1,0.25,0,1,0,0,0.25,0.7
url,0,0,1,0.22,0,0,0.2,0,0,0,0,0,0,0,0,1,0.25,0,1,0,0,0.25,0.7
exon,0,0,1,0.22,0,0,0.2,0,0,0,0,0,0,0,0,1,0.25,0,1,0,0,0.25,0.7
dcat-fdc,0,0,1,0.22,0,0,0.2,0,0,0,0,0,0,0,0,1,0.25,0,1,0,0,0.25,0.7
poem,0,0,1,0.22,0,0,0.2,0,0,0,0,0,0,0,0,1,0.25,0,1,0,0,0.25,0.7
ofl,0,0,1,0.22,0,0,0.2,0,0,0,0,0,0,0,0,1,0.25,0,1,0,0,0.25,0.7
sd3,0,0,1,0.22,0,0,0.2,0,0,0,0,0,0,0,0,1,0.25,0,1,0,0,0.25,0.7
be,0,0,1,0.22,0,0,0.2,0,0,0,0,0,0,0,0,1,0.25,0,1,0,0,0.25,0.7
ontolurgences,0,0,1,0.22,0,0,0.2,0,0,0,0,0,0,0,0,1,0.25,0,1,0,0,0.25,0.7
test_cbi,0,0,1,0.22,0,0,0.2,0,0,0,0,0,0,0,0,1,0.25,0,1,0,0,0.25,0.7
adcad,0,0,1,0.22,0,0,0.2,0,0,0,0,0,0,0,0,1,0.25,0,1,0,0,0.25,0.7
decide,0,0,1,0.22,0,0,0.2,0,0,0,0,0,0,0,0,1,0.25,0,1,0,0,0.25,0.7
iso19115roles,0,0,1,0.22,0,0,0.2,0,0,0,0,0,0,0,0,1,0.25,0,1,0,0,0.25,0.7
pso_2,0,0,1,0.22,0,0,0.2,0,0,0,0,0,0,0,0,1,0.25,0,1,0,0,0.25,0.7
ontodm-algorithm,0,0,1,0.22,0,0,0.2,0,0,0,0,0,0,0,0,1,0.25,0,1,0,0,0.25,0.7
vfb_drivers,0,0,1,0.22,0,0,0.2,0,0,0,0,0,0,0,0,1,0.25,0,1,0,0,0.25,0.7
lifo,0,0,1,0.22,0,0,0.2,0,0,0,0,0,0,0,0,1,0.25,0,1,0,0,0.25,0.7
phy,0,0,1,0.22,0,0,0.2,0,0,0,0,0,0,0,0,1,0.25,0,1,0,0,0.25,0.7
dermo,0,0,1,0.22,0,0,0.2,0,0,0,0,0,0,0,0,1,0.25,0,1,0,0,0.25,0.7
msv,0,0,1,0.22,0,0,0.2,0,0,0,0,0,0,0,0,1,0.25,0,1,0,0,0.25,0.7
pp,0,0,1,0.22,0,0,0.2,0,0,0,0,0,0,0,0,1,0.25,0,1,0,0,0.25,0.7
pe,0,0,1,0.22,0,0,0.2,0,0,0,0,0,0,0,0,1,0.25,0,1,0,0,0.25,0.7
pu,0,0,1,0.22,0,0,0.2,0,0,0,0,0,0,0,0,1,0.25,0,1,0,0,0.25,0.7
ngsonto,0,0,1,0.22,0,0,0.2,0,0,0,0,0,0,0,0,1,0.25,0,1,0,0,0.25,0.7
dsip7,0,0,1,0.22,0,0,0.2,0,0,0,0,0,0,0,0,1,0.25,0,1,0,0,0.25,0.7
creno,0,0,1,0.22,0,0,0.2,0,0,0,0,0,0,0,0,1,0.25,0,1,0,0,0.25,0.7
ddss,0,0,1,0.22,0,0,0.2,0,0,0,0,0,0,0,0,1,0.25,0,1,0,0,0.25,0.7
apatandt,0,0,1,0.22,0,0,0.2,0,0,0,0,0,0,0,0,1,0.25,0,1,0,0,0.25,0.7
cto-ndd,0,0,1,0.22,0,0,0.2,0,0,0,0,0,0,0,0,1,0.25,0,1,0,0,0.25,0.7
umms,0,0,1,0.22,0,0,0.2,0,0,0,0,0,0,0,0,1,0.25,0,1,0,0,0.25,0.7
tml,0,0,1,0.22,0,0,0.2,0,0,0,0,0,0,0,0,1,0.25,0,1,0,0,0.25,0.7
peao,0,0,1,0.22,0,0,0.2,0,0,0,0,0,0,0,0,1,0.25,0,1,0,0,0.25,0.7
soho,0,0,1,0.22,0,0,0.2,0,0,0,0,0,0,0,0,1,0.25,0,1,0,0,0.25,0.7
pe-o,0,0,1,0.22,0,0,0.2,0,0,0,0,0,0,0,0,1,0.25,0,1,0,0,0.25,0.7
neicbeer,0,0,1,0.22,0,0,0.2,0,0,0,0,0,0,0,0,1,0.25,0,1,0,0,0.25,0.7
cmdo,0,0,1,0.22,0,0,0.2,0,0,0,0,0,0,0,0,1,0.25,0,1,0,0,0.25,0.7
hhearvs,0,0,1,0.22,0,0,0.2,0,0,0,0,0,0,0,0,1,0.25,0,1,0,0,0.25,0.7
sasap,0,0,1,0.22,0,0,0.2,0,0,0,0,0,0,0,0,1,0.25,0,1,0,0,0.25,0.7
bctt,0,0,1,0.22,0,0,0.2,0,0,0,0,0,0,0,0,1,0.25,0,1,0,0,0.25,0.7
hivhpvschistosom,0,0,1,0.22,0,0,0.2,0,0,0,0,0,0,0,0,1,0.25,0,1,0,0,0.25,0.7
iobc,0,0,1,0.22,0,0,0.2,0,0,0,0,0,0,0,0,1,0.25,0,1,0,0,0.25,0.7
fast-event,0,0,1,0.22,0,0,0.2,0,0,0,0,0,0,0,0,1,0.25,0,1,0,0,0.25,0.7
nio,0,0,1,0.22,0,0,0.2,0,0,0,0,0,0,0,0,1,0.25,0,1,0,0,0.25,0.7
glycordf,0,0,1,0.22,0,0,0.2,0,0,0,0,0,0,0,0,1,0.25,0,1,0,0,0.25,0.7
syriandrugs,0,0,1,0.22,0,0,0.2,0,0,0,0,0,0,0,0,1,0.25,0,1,0,0,0.25,0.7
ipd,0,0,1,0.22,0,0,0.2,0,0,0,0,0,0,0,0,1,0.25,0,1,0,0,0.25,0.7
mads-rdf,0,0,1,0.22,0,0,0.2,0,0,0,0,0,0,0,0,1,0.25,0,1,0,0,0.25,0.7
rsa,0,0,1,0.22,0,0,0.2,0,0,0,0,0,0,0,0,1,0.25,0,1,0,0,0.25,0.7
icd-o-3,0,0,1,0.22,0,0,0.2,0,0,0,0,0,0,0,0,1,0.25,0,1,0,0,0.25,0.7
dreamdnpto,0,0,1,0.22,0,0,0.2,0,0,0,0,0,0,0,0,1,0.25,0,1,0,0,0.25,0.7
npi,0,0,1,0.22,0,0,0.2,0,0,0,0,0,0,0,0,1,0.25,0,1,0,0,0.25,0.7
bflc,0,0,1,0.22,0,0,0.2,0,0,0,0,0,0,0,0,1,0.25,0,1,0,0,0.25,0.7
hhear,0,0,1,0.22,0,0,0.2,0,0,0,0,0,0,0,0,1,0.25,0,1,0,0,0.25,0.7
hhearp,0,0,1,0.22,0,0,0.2,0,0,0,0,0,0,0,0,1,0.25,0,1,0,0,0.25,0.7
sarsmutonto,0,0,1,0.22,0,0,0.2,0,0,0,0,0,0,0,0,1,0.25,0,1,0,0,0.25,0.7
ecp,0,0,1,0.22,0,0,0.2,0,0,0,0,0,0,0,0,1,0.25,0,1,0,0,0.25,0.7
bcsr-onto,0,0,1,0.22,0,0,0.2,0,0,0,0,0,0,0,0,1,0.25,0,1,0,0,0.25,0.7
lpt,0,0,1,0.22,0,0,0.2,0,0,0,0,0,0,0,0,1,0.25,0,1,0,0,0.25,0.7
orcs,0,0,1,0.22,0,0,0.2,0,0,0,0,0,0,0,0,1,0.25,0,1,0,0,0.25,0.7
genai,0,0,1,0.22,0,0,0.2,0,0,0,0,0,0,0,0,1,0.25,0,1,0,0,0.25,0.7
pharmgkb,0,0,1,0.22,0,0,0.2,0,0,0,0,0,0,0,0,1,0.25,0,1,0,0,0.25,0.7
gdmt,0,0,1,0.22,0,0,0.2,0,0,0,0,0,0,0,0,1,0.25,0,1,0,0,0.25,0.7
cdo,0,0,1,0.22,0,0,0.2,0,0,0,0,0,0,0,0,1,0.25,0,1,0,0,0.25,0.7
cdoh,0,0,1,0.22,0,0,0.2,0,0,0,0,0,0,0,0,1,0.25,0,1,0,0,0.25,0.7
adicap,0,0,1,0.22,0,0,0.2,0,0,0,0,0,0,0,0,1,0.25,0,1,0,0,0.25,0.7
cohsi2termsweekx,0,0,1,0.22,0,0,0.2,0,0,0,0,0,0,0,0,1,0.25,0,1,0,0,0.25,0.7
dmto,0,0,1,0.22,0,0,0.2,0,0,0,0,0,0,0,0,1,0.25,0,1,0,0,0.25,0.7
tm-mer,0,0,1,0.22,0,0,0.2,0,0,0,0,0,0,0,0,1,0.25,0,1,0,0,0.25,0.7
mamo-scr-onto,0,0,1,0.22,0,0,0.2,0,0,0,0,0,0,0,0,1,0.25,0,1,0,0,0.25,0.7
comet,0,0,1,0.22,0,0,0.2,0,0,0,0,0,0,0,0,1,0.25,0,1,0,0,0.25,0.7
bero,0,0,1,0.22,0,0,0.2,0,0,0,0,0,0,0,0,1,0.25,0,1,0,0,0.25,0.7
drmo,0,0,1,0.22,0,0,0.2,0,0,0,0,0,0,0,0,1,0.25,0,1,0,0,0.25,0.7
assaynode,0,0,1,0.22,0,0,0.2,0,0,0,0,0,0,0,0,1,0.25,0,1,0,0,0.25,0.7
neic-onto,0,0,1,0.22,0,0,0.2,0,0,0,0,0,0,0,0,1,0.25,0,1,0,0,0.25,0.7
nic,0,0,1,0.22,0,0,0.2,0,0,0,0,0,0,0,0,1,0.25,0,1,0,0,0.25,0.7
contsonto,0,0,1,0.22,0,0,0.2,0,0,0,0,0,0,0,0,1,0.25,0,1,0,0,0.25,0.7
momcare,0,0,1,0.22,0,0,0.2,0,0,0,0,0,0,0,0,1,0.25,0,1,0,0,0.25,0.7
peo_ontology,0,0,1,0.22,0,0,0.2,0,0,0,0,0,0,0,0,1,0.25,0,1,0,0,0.25,0.7
iso19115srs,0,0,1,0.22,0,0,0.2,0,0,0,0,0,0,0,0,1,0.25,0,1,0,0,0.25,0.7
iso19115tcc,0,0,1,0.22,0,0,0.2,0,0,0,0,0,0,0,0,1,0.25,0,1,0,0,0.25,0.7
m4m-21-variables,0,0,1,0.22,0,0,0.2,0,0,0,0,0,0,0,0,1,0.25,0,1,0,0,0.25,0.7
pbpko,0,0,1,0.22,0,0,0.2,0,0,0,0,0,0,0,0,1,0.25,0,1,0,0,0.25,0.7
trak,0,0,1,0.22,0,0,0.2,0,0,0,0,0,0,0,0,1,0.25,0,1,0,0,0.25,0.7
kenyaanc,0,0,1,0.22,0,0,0.2,0,0,0,0,0,0,0,0,1,0.25,0,1,0,0,0.25,0.7
inbiodiv,0,0,1,0.22,0,0,0.2,0,0,0,0,0,0,0,0,1,0.25,0,1,0,0,0.25,0.7
canont,0,0,1,0.22,0,0,0.2,0,0,0,0,0,0,0,0,1,0.25,0,1,0,0,0.25,0.7
dcat3,0,0,1,0.22,0,0,0.2,0,0,0,0,0,0,0,0,1,0.25,0,1,0,0,0.25,0.7
m4m-21-subjects,0,0,1,0.22,0,0,0.2,0,0,0,0,0,0,0,0,1,0.25,0,1,0,0,0.25,0.7
hio,0,0,1,0.22,0,0,0.2,0,0,0,0,0,0,0,0,1,0.25,0,1,0,0,0.25,0.7
option-ontology,0,0,1,0.22,0,0,0.2,0,0,0,0,0,0,0,0,1,0.25,0,1,0,0,0.25,0.7
vrd,0,0,1,0.22,0,0,0.2,0,0,0,0,0,0,0,0,1,0.25,0,1,0,0,0.25,0.7
bcs8,0,0,1,0.22,0,0,0.2,0,0,0,0,0,0,0,0,1,0.25,0,1,0,0,0.25,0.7
bcs7,0,0,1,0.22,0,0,0.2,0,0,0,0,0,0,0,0,1,0.25,0,1,0,0,0.25,0.7
aspect,0,0,1,0.22,0,0,0.2,0,0,0,0,0,0,0,0,1,0.25,0,1,0,0,0.25,0.7
brazi,0,0,1,0.22,0,0,0.2,0,0,0,0,0,0,0,0,1,0.25,0,1,0,0,0.25,0.7
bci-o,0,0,1,0.22,0,0,0.2,0,0,0,0,0,0,0,0,1,0.25,0,1,0,0,0.25,0.7
dseo,0,0,1,0.22,0,0,0.2,0,0,0,0,0,0,0,0,1,0.25,0,1,0,0,0.25,0.7
ho,0,0,1,0.22,0,0,0.2,0,0,0,0,0,0,0,0,1,0.25,0,1,0,0,0.25,0.7
hc,0,0,1,0.22,0,0,0.2,0,0,0,0,0,0,0,0,1,0.25,0,1,0,0,0.25,0.7
oco,0,0,1,0.22,0,0,0.2,0,0,0,0,0,0,0,0,1,0.25,0,1,0,0,0.25,0.7
apaeducluster,0,0,1,0.22,0,0,0.2,0,0,0,0,0,0,0,0,1,0.25,0,1,0,0,0.25,0.7
proj,0,0,1,0.22,0,0,0.2,0,0,0,0,0,0,0,0,1,0.25,0,1,0,0,0.25,0.7
zahrahaddad,0,0,1,0.22,0,0,0.2,0,0,0,0,0,0,0,0,1,0.25,0,1,0,0,0.25,0.7
qudt2,0,0,1,0.22,0,0,0.2,0,0,0,0,0,0,0,0,1,0.25,0,1,0,0,0.25,0.7
gmm,0,0,1,0.22,0,0,0.2,0,0,0,0,0,0,0,0,1,0.25,0,1,0,0,0.25,0.7
my_syriancinema,0,0,1,0.22,0,0,0.2,0,0,0,0,0,0,0,0,1,0.25,0,1,0,0,0.25,0.7
reproduce-me,0,0,1,0.22,0,0,0.2,0,0,0,0,0,0,0,0,1,0.25,0,1,0,0,0.25,0.7
dccdfv,0,0,1,0.22,0,0,0.2,0,0,0,0,0,0,0,0,1,0.25,0,1,0,0,0.25,0.7
premedonto,0,0,1,0.22,0,0,0.2,0,0,0,0,0,0,0,0,1,0.25,0,1,0,0,0.25,0.7
ontosim,0,0,1,0.22,0,0,0.2,0,0,0,0,0,0,0,0,1,0.25,0,1,0,0,0.25,0.7
zonmw-content,0,0,1,0.22,0,0,0.2,0,0,0,0,0,0,0,0,1,0.25,0,1,0,0,0.25,0.7
apatreatment,0,0,1,0.22,0,0,0.2,0,0,0,0,0,0,0,0,1,0.25,0,1,0,0,0.25,0.7
melo,0,0,1,0.22,0,0,0.2,0,0,0,0,0,0,0,0,1,0.25,0,1,0,0,0.25,0.7
glycocoo,0,0,1,0.22,0,0,0.2,0,0,0,0,0,0,0,0,1,0.25,0,1,0,0,0.25,0.7
m4m19-subs,0,0,1,0.22,0,0,0.2,0,0,0,0,0,0,0,0,1,0.25,0,1,0,0,0.25,0.7
issva,0,0,1,0.22,0,0,0.2,0,0,0,0,0,0,0,0,1,0.25,0,1,0,0,0.25,0.7
phfumiado,0,0,1,0.22,0,0,0.2,0,0,0,0,0,0,0,0,1,0.25,0,1,0,0,0.25,0.7
patel,0,0,1,0.22,0,0,0.2,0,0,0,0,0,0,0,0,1,0.25,0,1,0,0,0.25,0.7
evi,0,0,1,0.22,0,0,0.2,0,0,0,0,0,0,0,0,1,0.25,0,1,0,0,0.25,0.7
ontodm-core,0,0,1,0.22,0,0,0.2,0,0,0,0,0,0,0,0,1,0.25,0,1,0,0,0.25,0.7
dsip8,0,0,1,0.22,0,0,0.2,0,0,0,0,0,0,0,0,1,0.25,0,1,0,0,0.25,0.7
agromop,0,0,1,0.22,0,0,0.2,0,0,0,0,0,0,0,0,1,0.25,0,1,0,0,0.25,0.7
sco_f23,0,0,1,0.22,0,0,0.2,0,0,0,0,0,0,0,0,1,0.25,0,1,0,0,0.25,0.7
rocknrolltest,0,0,1,0.22,0,0,0.2,0,0,0,0,0,0,0,0,1,0.25,0,1,0,0,0.25,0.7
hcm-d,0,0,1,0.22,0,0,0.2,0,0,0,0,0,0,0,0,1,0.25,0,1,0,0,0.25,0.7
fitbit,0,0,1,0.22,0,0,0.2,0,0,0,0,0,0,0,0,1,0.25,0,1,0,0,0.25,0.7
optimal,0,0,1,0.22,0,0,0.2,0,0,0,0,0,0,0,0,1,0.25,0,1,0,0,0.25,0.7
tcdo,0,0,1,0.22,0,0,0.2,0,0,0,0,0,0,0,0,1,0.25,0,1,0,0,0.25,0.7
ooevv,0,0,1,0.22,0,0,0.2,0,0,0,0,0,0,0,0,1,0.25,0,1,0,0,0.25,0.7
ontriscal,0,0,1,0.22,0,0,0.2,0,0,0,0,0,0,0,0,1,0.25,0,1,0,0,0.25,0.7
diab,0,0,1,0.22,0,0,0.2,0,0,0,0,0,0,0,0,1,0.25,0,1,0,0,0.25,0.7
dfo,0,0,1,0.22,0,0,0.2,0,0,0,0,0,0,0,0,1,0.25,0,1,0,0,0.25,0.7
brct,0,0,1,0.22,0,0,0.2,0,0,0,0,0,0,0,0,1,0.25,0,1,0,0,0.25,0.7
ctgo,0,0,1,0.22,0,0,0.2,0,0,0,0,0,0,0,0,1,0.25,0,1,0,0,0.25,0.7
gender,0,0,1,0.22,0,0,0.2,0,0,0,0,0,0,0,0,1,0.25,0,1,0,0,0.25,0.7
aceso,0,0,1,0.22,0,0,0.2,0,0,0,0,0,0,0,0,1,0.25,0,1,0,0,0.25,0.7
cryoem,0,0,1,0.22,0,0,0.2,0,0,0,0,0,0,0,0,1,0.25,0,1,0,0,0.25,0.7
hivmt,0,0,1,0.22,0,0,0.2,0,0,0,0,0,0,0,0,1,0.25,0,1,0,0,0.25,0.7
ethanc,0,0,1,0.22,0,0,0.2,0,0,0,0,0,0,0,0,1,0.25,0,1,0,0,0.25,0.7
dsipfl7,0,0,1,0.22,0,0,0.2,0,0,0,0,0,0,0,0,1,0.25,0,1,0,0,0.25,0.7
plosthes,0,0,1,0.22,0,0,0.2,0,0,0,0,0,0,0,0,1,0.25,0,1,0,0,0.25,0.7
go-plus,0,0,1,0.22,0,0,0.2,0,0,0,0,0,0,0,0,1,0.25,0,1,0,0,0.25,0.7
wear,0,0,1,0.22,0,0,0.2,0,0,0,0,0,0,0,0,1,0.25,0,1,0,0,0.25,0.7
datacite-vocab,0,0,1,0.22,0,0,0.2,0,0,0,0,0,0,0,0,1,0.25,0,1,0,0,0.25,0.7
vodana-migrants,0,0,1,0.22,0,0,0.2,0,0,0,0,0,0,0,0,1,0.25,0,1,0,0,0.25,0.7
mineral,0,0,1,0.22,0,0,0.2,0,0,0,0,0,0,0,0,1,0.25,0,1,0,0,0.25,0.7
ckdo,0,0,1,0.22,0,0,0.2,0,0,0,0,0,0,0,0,1,0.25,0,1,0,0,0.25,0.7
hdmponto,0,0,1,0.22,0,0,0.2,0,0,0,0,0,0,0,0,1,0.25,0,1,0,0,0.25,0.7
onstr,0,0,1,0.22,0,0,0.2,0,0,0,0,0,0,0,0,1,0.25,0,1,0,0,0.25,0.7
hcodonont,0,0,1,0.22,0,0,0.2,0,0,0,0,0,0,0,0,1,0.25,0,1,0,0,0.25,0.7
vodanacovid,0,0,1,0.22,0,0,0.2,0,0,0,0,0,0,0,0,1,0.25,0,1,0,0,0.25,0.7
test_a,0,0,1,0.22,0,0,0.2,0,0,0,0,0,0,0,0,1,0.25,0,1,0,0,0.25,0.7
pcalion,0,0,1,0.22,0,0,0.2,0,0,0,0,0,0,0,0,1,0.25,0,1,0,0,0.25,0.7
mono,0,0,1,0.22,0,0,0.2,0,0,0,0,0,0,0,0,1,0.25,0,1,0,0,0.25,0.7
macroalgaetraits,0,0,1,0.22,0,0,0.2,0,0,0,0,0,0,0,0,1,0.25,0,1,0,0,0.25,0.7
mosaic,0,0,1,0.22,0,0,0.2,0,0,0,0,0,0,0,0,1,0.25,0,1,0,0,0.25,0.7
bcteo,0,0,1,0.22,0,0,0.2,0,0,0,0,0,0,0,0,1,0.25,0,1,0,0,0.25,0.7
triage,0,0,1,0.22,0,0,0.2,0,0,0,0,0,0,0,0,1,0.25,0,1,0,0,0.25,0.7
socpres,0,0,1,0.22,0,0,0.2,0,0,0,0,0,0,0,0,1,0.25,0,1,0,0,0.25,0.7
mcr_tx,0,0,1,0.22,0,0,0.2,0,0,0,0,0,0,0,0,1,0.25,0,1,0,0,0.25,0.7
sp_ontology,0,0,1,0.22,0,0,0.2,0,0,0,0,0,0,0,0,1,0.25,0,1,0,0,0.25,0.7
ontoparon_social,0,0,1,0.22,0,0,0.2,0,0,0,0,0,0,0,0,1,0.25,0,1,0,0,0.25,0.7
nddo,0,0,1,0.22,0,0,0.2,0,0,0,0,0,0,0,0,1,0.25,0,1,0,0,0.25,0.7
opd-nambobi,0,0,1,0.22,0,0,0.2,0,0,0,0,0,0,0,0,1,0.25,0,1,0,0,0.25,0.7
lbo,0,0,1,0.22,0,0,0.2,0,0,0,0,0,0,0,0,1,0.25,0,1,0,0,0.25,0.7
lungmap-mouse,0,0,1,0.22,0,0,0.2,0,0,0,0,0,0,0,0,1,0.25,0,1,0,0,0.25,0.7
incentive,0,0,1,0.22,0,0,0.2,0,0,0,0,0,0,0,0,1,0.25,0,1,0,0,0.25,0.7
ontopsychia,0,0,1,0.22,0,0,0.2,0,0,0,0,0,0,0,0,1,0.25,0,1,0,0,0.25,0.7
ml_mcr_tx,0,0,1,0.22,0,0,0.2,0,0,0,0,0,0,0,0,1,0.25,0,1,0,0,0.25,0.7
nihss,0,0,1,0.22,0,0,0.2,0,0,0,0,0,0,0,0,1,0.25,0,1,0,0,0.25,0.7
ros,0,0,1,0.22,0,0,0.2,0,0,0,0,0,0,0,0,1,0.25,0,1,0,0,0.25,0.7
allergydetector,0,0,1,0.22,0,0,0.2,0,0,0,0,0,0,0,0,1,0.25,0,1,0,0,0.25,0.7
nhsqi2009,0,0,1,0.22,0,0,0.2,0,0,0,0,0,0,0,0,1,0.25,0,1,0,0,0.25,0.7
hord,0,0,1,0.22,0,0,0.2,0,0,0,0,0,0,0,0,1,0.25,0,1,0,0,0.25,0.7
hasco,0,0,1,0.22,0,0,0.2,0,0,0,0,0,0,0,0,1,0.25,0,1,0,0,0.25,0.7
envthes,0,0,1,0.22,0,0,0.2,0,0,0,0,0,0,0,0,1,0.25,0,1,0,0,0.25,0.7
geosparql,0,0,1,0.22,0,0,0.2,0,0,0,0,0,0,0,0,1,0.25,0,1,0,0,0.25,0.7
mvaont,0,0,1,0.22,0,0,0.2,0,0,0,0,0,0,0,0,1,0.25,0,1,0,0,0.25,0.7
legalapatest2,0,0,1,0.22,0,0,0.2,0,0,0,0,0,0,0,0,1,0.25,0,1,0,0,0.25,0.7
agrocymac,0,0,1,0.22,0,0,0.2,0,0,0,0,0,0,0,0,1,0.25,0,1,0,0,0.25,0.7
gecco,0,0,1,0.22,0,0,0.2,0,0,0,0,0,0,0,0,1,0.25,0,1,0,0,0.25,0.7
lsfc,0,0,1,0.22,0,0,0.2,0,0,0,0,0,0,0,0,1,0.25,0,1,0,0,0.25,0.7
lsfo,0,0,1,0.22,0,0,0.2,0,0,0,0,0,0,0,0,1,0.25,0,1,0,0,0.25,0.7
hmislab0115,0,0,1,0.22,0,0,0.2,0,0,0,0,0,0,0,0,1,0.25,0,1,0,0,0.25,0.7
pino,0,0,1,0.22,0,0,0.2,0,0,0,0,0,0,0,0,1,0.25,0,1,0,0,0.25,0.7
mio,0,0,1,0.22,0,0,0.2,0,0,0,0,0,0,0,0,1,0.25,0,1,0,0,0.25,0.7
hsclo38,0,0,1,0.22,0,0,0.2,0,0,0,0,0,0,0,0,1,0.25,0,1,0,0,0.25,0.7
lcgft,0,0,1,0.22,0,0,0.2,0,0,0,0,0,0,0,0,1,0.25,0,1,0,0,0.25,0.7
infra-en,0,0,1,0.22,0,0,0.2,0,0,0,0,0,0,0,0,1,0.25,0,1,0,0,0.25,0.7
koro,0,0,1,0.22,0,0,0.2,0,0,0,0,0,0,0,0,1,0.25,0,1,0,0,0.25,0.7
eol,0,0,1,0.22,0,0,0.2,0,0,0,0,0,0,0,0,1,0.25,0,1,0,0,0.25,0.7
bsao,0,0,1,0.22,0,0,0.2,0,0,0,0,0,0,0,0,1,0.25,0,1,0,0,0.25,0.7
hupson,0,0,1,0.22,0,0,0.2,0,0,0,0,0,0,0,0,1,0.25,0,1,0,0,0.25,0.7
farmaci,0,0,1,0.22,0,0,0.2,0,0,0,0,0,0,0,0,1,0.25,0,1,0,0,0.25,0.7
tp4,0,0,1,0.22,0,0,0.2,0,0,0,0,0,0,0,0,1,0.25,0,1,0,0,0.25,0.7
ai,0,0,1,0.22,0,0,0.2,0,0,0,0,0,0,0,0,1,0.25,0,1,0,0,0.25,0.7
sse,0,0,1,0.22,0,0,0.2,0,0,0,0,0,0,0,0,1,0.25,0,1,0,0,0.25,0.7
pghd-bp,0,0,1,0.22,0,0,0.2,0,0,0,0,0,0,0,0,1,0.25,0,1,0,0,0.25,0.7
evs,0,0,1,0.22,0,0,0.2,0,0,0,0,0,0,0,0,1,0.25,0,1,0,0,0.25,0.7
intveetype,0,0,1,0.22,0,0,0.2,0,0,0,0,0,0,0,0,1,0.25,0,1,0,0,0.25,0.7
hcdr,0,0,1,0.22,0,0,0.2,0,0,0,0,0,0,0,0,1,0.25,0,1,0,0,0.25,0.7
inverseroles,0,0,1,0.22,0,0,0.2,0,0,0,0,0,0,0,0,1,0.25,0,1,0,0,0.25,0.7
preo,0,0,1,0.22,0,0,0.2,0,0,0,0,0,0,0,0,1,0.25,0,1,0,0,0.25,0.7
i-adopt,0,0,1,0.22,0,0,0.2,0,0,0,0,0,0,0,0,1,0.25,0,1,0,0,0.25,0.7
mltx,0,0,1,0.22,0,0,0.2,0,0,0,0,0,0,0,0,1,0.25,0,1,0,0,0.25,0.7
pseudo,0,0,1,0.22,0,0,0.2,0,0,0,0,0,0,0,0,1,0.25,0,1,0,0,0.25,0.7
dermlex,0,0,1,0.22,0,0,0.2,0,0,0,0,0,0,0,0,1,0.25,0,1,0,0,0.25,0.7
ibo,0,0,1,0.22,0,0,0.2,0,0,0,0,0,0,0,0,1,0.25,0,1,0,0,0.25,0.7
phenx,0,0,1,0.22,0,0,0.2,0,0,0,0,0,0,0,0,1,0.25,0,1,0,0,0.25,0.7
smo,0,0,1,0.22,0,0,0.2,0,0,0,0,0,0,0,0,1,0.25,0,1,0,0,0.25,0.7
apastatistical,0,0,1,0.22,0,0,0.2,0,0,0,0,0,0,0,0,1,0.25,0,1,0,0,0.25,0.7
partumdo,0,0,1,0.22,0,0,0.2,0,0,0,0,0,0,0,0,1,0.25,0,1,0,0,0.25,0.7
matrrock,0,0,1,0.22,0,0,0.2,0,0,0,0,0,0,0,0,1,0.25,0,1,0,0,0.25,0.7
strong,0,0,1,0.22,0,0,0.2,0,0,0,0,0,0,0,0,1,0.25,0,1,0,0,0.25,0.7
adher_intcare_en,0,0,1,0.22,0,0,0.2,0,0,0,0,0,0,0,0,1,0.25,0,1,0,0,0.25,0.7
ontopneumo,0,0,1,0.22,0,0,0.2,0,0,0,0,0,0,0,0,1,0.25,0,1,0,0,0.25,0.7
sco_v1,0,0,1,0.22,0,0,0.2,0,0,0,0,0,0,0,0,1,0.25,0,1,0,0,0.25,0.7
ontoparon,0,0,1,0.22,0,0,0.2,0,0,0,0,0,0,0,0,1,0.25,0,1,0,0,0.25,0.7
fldlb3,0,0,1,0.22,0,0,0.2,0,0,0,0,0,0,0,0,1,0.25,0,1,0,0,0.25,0.7
tron,0,0,1,0.22,0,0,0.2,0,0,0,0,0,0,0,0,1,0.25,0,1,0,0,0.25,0.7
kusiima,0,0,1,0.22,0,0,0.2,0,0,0,0,0,0,0,0,1,0.25,0,1,0,0,0.25,0.7
jerm,0,0,1,0.22,0,0,0.2,0,0,0,0,0,0,0,0,1,0.25,0,1,0,0,0.25,0.7
nln,0,0,1,0.22,0,0,0.2,0,0,0,0,0,0,0,0,1,0.25,0,1,0,0,0.25,0.7
chear,0,0,1,0.22,0,0,0.2,0,0,0,0,0,0,0,0,1,0.25,0,1,0,0,0.25,0.7
bao-gpcr,0,0,1,0.22,0,0,0.2,0,0,0,0,0,0,0,0,1,0.25,0,1,0,0,0.25,0.7
cptac,0,0,1,0.22,0,0,0.2,0,0,0,0,0,0,0,0,1,0.25,0,1,0,0,0.25,0.7
paco,0,0,1,0.22,0,0,0.2,0,0,0,0,0,0,0,0,1,0.25,0,1,0,0,0.25,0.7
heio,0,0,1,0.22,0,0,0.2,0,0,0,0,0,0,0,0,1,0.25,0,1,0,0,0.25,0.7
abd,0,0,1,0.22,0,0,0.2,0,0,0,0,0,0,0,0,1,0.25,0,1,0,0,0.25,0.7
nccnehr,0,0,1,0.22,0,0,0.2,0,0,0,0,0,0,0,0,1,0.25,0,1,0,0,0.25,0.7
mstde,0,0,1,0.22,0,0,0.2,0,0,0,0,0,0,0,0,1,0.25,0,1,0,0,0.25,0.7
m4m-20-subjects,0,0,1,0.22,0,0,0.2,0,0,0,0,0,0,0,0,1,0.25,0,1,0,0,0.25,0.7
lungmap_h_cell,0,0,1,0.22,0,0,0.2,0,0,0,0,0,0,0,0,1,0.25,0,1,0,0,0.25,0.7
pdon,0,0,1,0.22,0,0,0.2,0,0,0,0,0,0,0,0,1,0.25,0,1,0,0,0.25,0.7
iso639-1,0,0,1,0.22,0,0,0.2,0,0,0,0,0,0,0,0,1,0.25,0,1,0,0,0.25,0.7
iso639-2,0,0,1,0.22,0,0,0.2,0,0,0,0,0,0,0,0,1,0.25,0,1,0,0,0.25,0.7
tco,0,0,1,0.22,0,0,0.2,0,0,0,0,0,0,0,0,1,0.25,0,1,0,0,0.25,0.7
tst7,0,0,1,0.22,0,0,0.2,0,0,0,0,0,0,0,0,1,0.25,0,1,0,0,0.25,0.7
lungmap_m_cell,0,0,1,0.22,0,0,0.2,0,0,0,0,0,0,0,0,1,0.25,0,1,0,0,0.25,0.7
idqa,0,0,1,0.22,0,0,0.2,0,0,0,0,0,0,0,0,1,0.25,0,1,0,0,0.25,0.7
eld,0,0,1,0.22,0,0,0.2,0,0,0,0,0,0,0,0,1,0.25,0,1,0,0,0.25,0.7
iceci,0,0,1,0.22,0,0,0.2,0,0,0,0,0,0,0,0,1,0.25,0,1,0,0,0.25,0.7
iso19115con,0,0,1,0.22,0,0,0.2,0,0,0,0,0,0,0,0,1,0.25,0,1,0,0,0.25,0.7
id-amr,0,0,1,0.22,0,0,0.2,0,0,0,0,0,0,0,0,1,0.25,0,1,0,0,0.25,0.7
patmhc,0,0,1,0.22,0,0,0.2,0,0,0,0,0,0,0,0,1,0.25,0,1,0,0,0.25,0.7
neurobrg,0,0,1,0.22,0,0,0.2,0,0,0,0,0,0,0,0,1,0.25,0,1,0,0,0.25,0.7
ontotoxnuc,0,0,1,0.22,0,0,0.2,0,0,0,0,0,0,0,0,1,0.25,0,1,0,0,0.25,0.7
regn_bro,0,0,1,0.22,0,0,0.2,0,0,0,0,0,0,0,0,1,0.25,0,1,0,0,0.25,0.7
bridg,0,0,1,0.22,0,0,0.2,0,0,0,0,0,0,0,0,1,0.25,0,1,0,0,0.25,0.7
m4m19-vars,0,0,1,0.22,0,0,0.2,0,0,0,0,0,0,0,0,1,0.25,0,1,0,0,0.25,0.7
fns-h,0,0,1,0.22,0,0,0.2,0,0,0,0,0,0,0,0,1,0.25,0,1,0,0,0.25,0.7
ncco,0,0,1,0.22,0,0,0.2,0,0,0,0,0,0,0,0,1,0.25,0,1,0,0,0.25,0.7
ad-drop,0,0,1,0.22,0,0,0.2,0,0,0,0,0,0,0,0,1,0.25,0,1,0,0,0.25,0.7
mchvodanaterms,0,0,1,0.22,0,0,0.2,0,0,0,0,0,0,0,0,1,0.25,0,1,0,0,0.25,0.7
edda_pt,0,0,1,0.22,0,0,0.2,0,0,0,0,0,0,0,0,1,0.25,0,1,0,0,0.25,0.7
mdm,0,0,1,0.22,0,0,0.2,0,0,0,0,0,0,0,0,1,0.25,0,1,0,0,0.25,0.7
svu_mws_wsm,0,0,1,0.22,0,0,0.2,0,0,0,0,0,0,0,0,1,0.25,0,1,0,0,0.25,0.7
adalab-meta,0,0,1,0.22,0,0,0.2,0,0,0,0,0,0,0,0,1,0.25,0,1,0,0,0.25,0.7
exact,0,0,1,0.22,0,0,0.2,0,0,0,0,0,0,0,0,1,0.25,0,1,0,0,0.25,0.7
rvo,0,0,1,0.22,0,0,0.2,0,0,0,0,0,0,0,0,1,0.25,0,1,0,0,0.25,0.7
library,0,0,1,0.22,0,0,0.2,0,0,0,0,0,0,0,0,1,0.25,0,1,0,0,0.25,0.7
lc-carriers,0,0,1,0.22,0,0,0.2,0,0,0,0,0,0,0,0,1,0.25,0,1,0,0,0.25,0.7
iso19115cc,0,0,1,0.22,0,0,0.2,0,0,0,0,0,0,0,0,1,0.25,0,1,0,0,0.25,0.7
iso19115ci,0,0,1,0.22,0,0,0.2,0,0,0,0,0,0,0,0,1,0.25,0,1,0,0,0.25,0.7
stmso,0,0,1,0.22,0,0,0.2,0,0,0,0,0,0,0,0,1,0.25,0,1,0,0,0.25,0.7
ddiem,0,0,1,0.22,0,0,0.2,0,0,0,0,0,0,0,0,1,0.25,0,1,0,0,0.25,0.7
adar,0,0,1,0.22,0,0,0.2,0,0,0,0,0,0,0,0,1,0.25,0,1,0,0,0.25,0.7
lion,0,0,1,0.22,0,0,0.2,0,0,0,0,0,0,0,0,1,0.25,0,1,0,0,0.25,0.7
covid19,0,0,1,0.22,0,0,0.2,0,0,0,0,0,0,0,0,1,0.25,0,1,0,0,0.25,0.7
phylont,0,0,1,0.22,0,0,0.2,0,0,0,0,0,0,0,0,1,0.25,0,1,0,0,0.25,0.7
fast-event-skos,0,0,1,0.22,0,0,0.2,0,0,0,0,0,0,0,0,1,0.25,0,1,0,0,0.25,0.7
iso19108to,0,0,1,0.22,0,0,0.2,0,0,0,0,0,0,0,0,1,0.25,0,1,0,0,0.25,0.7
longcovid,0,0,1,0.22,0,0,0.2,0,0,0,0,0,0,0,0,1,0.25,0,1,0,0,0.25,0.7
ahol,0,0,1,0.22,0,0,0.2,0,0,0,0,0,0,0,0,1,0.25,0,1,0,0,0.25,0.7
cyto,0,0,1,0.22,0,0,0.2,0,0,0,0,0,0,0,0,1,0.25,0,1,0,0,0.25,0.7
aio,0,0,1,0.22,0,0,0.2,0,0,0,0,0,0,0,0,1,0.25,0,1,0,0,0.25,0.7
radmo,0,0,1,0.22,0,0,0.2,0,0,0,0,0,0,0,0,1,0.25,0,1,0,0,0.25,0.7
vdot,0,0,1,0.22,0,0,0.2,0,0,0,0,0,0,0,0,1,0.25,0,1,0,0,0.25,0.7
hp_o,0,0,1,0.22,0,0,0.2,0,0,0,0,0,0,0,0,1,0.25,0,1,0,0,0.25,0.7
pesont,0,0,1,0.22,0,0,0.2,0,0,0,0,0,0,0,0,1,0.25,0,1,0,0,0.25,0.7
phenomeblast,0,0,1,0.22,0,0,0.2,0,0,0,0,0,0,0,0,1,0.25,0,1,0,0,0.25,0.7
three-st,0,0,1,0.22,0,0,0.2,0,0,0,0,0,0,0,0,1,0.25,0,1,0,0,0.25,0.7
hspo,0,0,1,0.22,0,0,0.2,0,0,0,0,0,0,0,0,1,0.25,0,1,0,0,0.25,0.7
doccc,0,0,1,0.22,0,0,0.2,0,0,0,0,0,0,0,0,1,0.25,0,1,0,0,0.25,0.7
vodana-general,0,0,1,0.22,0,0,0.2,0,0,0,0,0,0,0,0,1,0.25,0,1,0,0,0.25,0.7
opdront,0,0,1,0.22,0,0,0.2,0,0,0,0,0,0,0,0,1,0.25,0,1,0,0,0.25,0.7
medicalinfo,0,0,1,0.22,0,0,0.2,0,0,0,0,0,0,0,0,1,0.25,0,1,0,0,0.25,0.7
hecon,0,0,1,0.22,0,0,0.2,0,0,0,0,0,0,0,0,1,0.25,0,1,0,0,0.25,0.7
bto-bfo,0,0,1,0.22,0,0,0.2,0,0,0,0,0,0,0,0,1,0.25,0,1,0,0,0.25,0.7
vodanethiopia_or,0,0,1,0.22,0,0,0.2,0,0,0,0,0,0,0,0,1,0.25,0,1,0,0,0.25,0.7
kgcl,0,0,1,0.22,0,0,0.2,0,0,0,0,0,0,0,0,1,0.25,0,1,0,0,0.25,0.7
bifo,0,0,1,0.22,0,0,0.2,0,0,0,0,0,0,0,0,1,0.25,0,1,0,0,0.25,0.7
oto,0,0,1,0.22,0,0,0.2,0,0,0,0,0,0,0,0,1,0.25,0,1,0,0,0.25,0.7
ird,0,0,1,0.22,0,0,0.2,0,0,0,0,0,0,0,0,1,0.25,0,1,0,0,0.25,0.7
irdg,0,0,1,0.22,0,0,0.2,0,0,0,0,0,0,0,0,1,0.25,0,1,0,0,0.25,0.7
sst,0,0,1,0.22,0,0,0.2,0,0,0,0,0,0,0,0,1,0.25,0,1,0,0,0.25,0.7
snmi,0,0,1,0.22,0,0,0.2,0,0,0,0,0,0,0,0,1,0.25,0,1,0,0,0.25,0.7
esso,0,0,1,0.22,0,0,0.2,0,0,0,0,0,0,0,0,1,0.25,0,1,0,0,0.25,0.7
ecdo,0,0,1,0.22,0,0,0.2,0,0,0,0,0,0,0,0,1,0.25,0,1,0,0,0.25,0.7
brso,0,0,1,0.22,0,0,0.2,0,0,0,0,0,0,0,0,1,0.25,0,1,0,0,0.25,0.7
haauraado,0,0,1,0.22,0,0,0.2,0,0,0,0,0,0,0,0,1,0.25,0,1,0,0,0.25,0.7
onl-tasks,0,0,1,0.22,0,0,0.2,0,0,0,0,0,0,0,0,1,0.25,0,1,0,0,0.25,0.7
mera,0,0,1,0.22,0,0,0.2,0,0,0,0,0,0,0,0,1,0.25,0,1,0,0,0.25,0.7
inbancido,0,0,1,0.22,0,0,0.2,0,0,0,0,0,0,0,0,1,0.25,0,1,0,0,0.25,0.7
etanc,0,0,1,0.22,0,0,0.2,0,0,0,0,0,0,0,0,1,0.25,0,1,0,0,0.25,0.7
bno,0,0,1,0.22,0,0,0.2,0,0,0,0,0,0,0,0,1,0.25,0,1,0,0,0.25,0.7
cwd,0,0,1,0.22,0,0,0.2,0,0,0,0,0,0,0,0,1,0.25,0,1,0,0,0.25,0.7
doremus-keys,0,0,1,0.22,0,0,0.2,0,0,0,0,0,0,0,0,1,0.25,0,1,0,0,0.25,0.7
pathlex,0,0,1,0.22,0,0,0.2,0,0,0,0,0,0,0,0,1,0.25,0,1,0,0,0.25,0.7
bcon,0,0,1,0.22,0,0,0.2,0,0,0,0,0,0,0,0,1,0.25,0,1,0,0,0.25,0.7
bt-ontology,0,0,1,0.22,0,0,0.2,0,0,0,0,0,0,0,0,1,0.25,0,1,0,0,0.25,0.7
iso-annotations,0,0,1,0.22,0,0,0.2,0,0,0,0,0,0,0,0,1,0.25,0,1,0,0,0.25,0.7
fdt-o,0,0,1,0.22,0,0,0.2,0,0,0,0,0,0,0,0,1,0.25,0,1,0,0,0.25,0.7
hero,0,0,1,0.22,0,0,0.2,0,0,0,0,0,0,0,0,1,0.25,0,1,0,0,0.25,0.7
home,0,0,1,0.22,0,0,0.2,0,0,0,0,0,0,0,0,1,0.25,0,1,0,0,0.25,0.7
ciinteado,0,0,1,0.22,0,0,0.2,0,0,0,0,0,0,0,0,1,0.25,0,1,0,0,0.25,0.7
procchemical,0,0,1,0.22,0,0,0.2,0,0,0,0,0,0,0,0,1,0.25,0,1,0,0,0.25,0.7
iso-15926-2_2003,0,0,1,0.22,0,0,0.2,0,0,0,0,0,0,0,0,1,0.25,0,1,0,0,0.25,0.7
bcmo,0,0,1,0.22,0,0,0.2,0,0,0,0,0,0,0,0,1,0.25,0,1,0,0,0.25,0.7
ccon,0,0,1,0.22,0,0,0.2,0,0,0,0,0,0,0,0,1,0.25,0,1,0,0,0.25,0.7
lda,0,0,1,0.22,0,0,0.2,0,0,0,0,0,0,0,0,1,0.25,0,1,0,0,0.25,0.7
sk,0,0,1,0.22,0,0,0.2,0,0,0,0,0,0,0,0,1,0.25,0,1,0,0,0.25,0.7
metpo,0,0,1,0.22,0,0,0.2,0,0,0,0,0,0,0,0,1,0.25,0,1,0,0,0.25,0.7
incentive-vars,0,0,1,0.22,0,0,0.2,0,0,0,0,0,0,0,0,1,0.25,0,1,0,0,0.25,0.7
wsio,0,0,1,0.22,0,0,0.2,0,0,0,0,0,0,0,0,1,0.25,0,1,0,0,0.25,0.7
soil-prof,0,0,1,0.22,0,0,0.2,0,0,0,0,0,0,0,0,1,0.25,0,1,0,0,0.25,0.7
gfo-bio,0,0,1,0.22,0,0,0.2,0,0,0,0,0,0,0,0,1,0.25,0,1,0,0,0.25,0.7
carre,0,0,1,0.22,0,0,0.2,0,0,0,0,0,0,0,0,1,0.25,0,1,0,0,0.25,0.7
landform,0,0,1,0.22,0,0,0.2,0,0,0,0,0,0,0,0,1,0.25,0,1,0,0,0.25,0.7
opdzimbabwe,0,0,1,0.22,0,0,0.2,0,0,0,0,0,0,0,0,1,0.25,0,1,0,0,0.25,0.7
ontovip,0,0,1,0.22,0,0,0.2,0,0,0,0,0,0,0,0,1,0.25,0,1,0,0,0.25,0.7
lungmap-human,0,0,1,0.22,0,0,0.2,0,0,0,0,0,0,0,0,1,0.25,0,1,0,0,0.25,0.7
payor,0,0,1,0.22,0,0,0.2,0,0,0,0,0,0,0,0,1,0.25,0,1,0,0,0.25,0.7
dsipf7,0,0,1,0.22,0,0,0.2,0,0,0,0,0,0,0,0,1,0.25,0,1,0,0,0.25,0.7
onlira,0,0,1,0.22,0,0,0.2,0,0,0,0,0,0,0,0,1,0.25,0,1,0,0,0.25,0.7
bko,0,0,1,0.22,0,0,0.2,0,0,0,0,0,0,0,0,1,0.25,0,1,0,0,0.25,0.7
medo,0,0,1,0.22,0,0,0.2,0,0,0,0,0,0,0,0,1,0.25,0,1,0,0,0.25,0.7
sdoed,0,0,1,0.22,0,0,0.2,0,0,0,0,0,0,0,0,1,0.25,0,1,0,0,0.25,0.7
episem,0,0,1,0.22,0,0,0.2,0,0,0,0,0,0,0,0,1,0.25,0,1,0,0,0.25,0.7
sedi,0,0,1,0.22,0,0,0.2,0,0,0,0,0,0,0,0,1,0.25,0,1,0,0,0.25,0.7
gmo,0,0,1,0.22,0,0,0.2,0,0,0,0,0,0,0,0,1,0.25,0,1,0,0,0.25,0.7
zonmw-admin-md,0,0,1,0.22,0,0,0.2,0,0,0,0,0,0,0,0,1,0.25,0,1,0,0,0.25,0.7
moc,0,0,1,0.22,0,0,0.2,0,0,0,0,0,0,0,0,1,0.25,0,1,0,0,0.25,0.7
nemo,0,0,1,0.22,0,0,0.2,0,0,0,0,0,0,0,0,1,0.25,0,1,0,0,0.25,0.7
m4m-20-variables,0,0,1,0.22,0,0,0.2,0,0,0,0,0,0,0,0,1,0.25,0,1,0,0,0.25,0.7
repos,0,0,1,0.22,0,0,0.2,0,0,0,0,0,0,0,0,1,0.25,0,1,0,0,0.25,0.7
hravs,0,0,1,0.22,0,0,0.2,0,0,0,0,0,0,0,0,1,0.25,0,1,0,0,0.25,0.7
case-base-onto,0,0,1,0.22,0,0,0.2,0,0,0,0,0,0,0,0,1,0.25,0,1,0,0,0.25,0.7
onl-msa,0,0,1,0.22,0,0,0.2,0,0,0,0,0,0,0,0,1,0.25,0,1,0,0,0.25,0.7
xref-funder-reg,0,0,1,0.22,0,0,0.2,0,0,0,0,0,0,0,0,1,0.25,0,1,0,0,0.25,0.7
dikb,0,0,1,0.22,0,0,0.2,0,0,0,0,0,0,0,0,1,0.25,0,1,0,0,0.25,0.7
ebp,0,0,1,0.22,0,0,0.2,0,0,0,0,0,0,0,0,1,0.25,0,1,0,0,0.25,0.7
sleep,0,0,1,0.22,0,0,0.2,0,0,0,0,0,0,0,0,1,0.25,0,1,0,0,0.25,0.7
henegeo,0,0,1,0.22,0,0,0.2,0,0,0,0,0,0,0,0,1,0.25,0,1,0,0,0.25,0.7
uhc-metadata,0,0,1,0.22,0,0,0.2,0,0,0,0,0,0,0,0,1,0.25,0,1,0,0,0.25,0.7
fenics,0,0,1,0.22,0,0,0.2,0,0,0,0,0,0,0,0,1,0.25,0,1,0,0,0.25,0.7
vodana-mi,0,0,1,0.22,0,0,0.2,0,0,0,0,0,0,0,0,1,0.25,0,1,0,0,0.25,0.7
dmdsont,0,0,1,0.22,0,0,0.2,0,0,0,0,0,0,0,0,1,0.25,0,1,0,0,0.25,0.7
chr,0,0,1,0.22,0,0,0.2,0,0,0,0,0,0,0,0,1,0.25,0,1,0,0,0.25,0.7
chro,0,0,1,0.22,0,0,0.2,0,0,0,0,0,0,0,0,1,0.25,0,1,0,0,0.25,0.7
como,0,0,1,0.22,0,0,0.2,0,0,0,0,0,0,0,0,1,0.25,0,1,0,0,0.25,0.7
mco4hke,0,0,1,0.22,0,0,0.2,0,0,0,0,0,0,0,0,1,0.25,0,1,0,0,0.25,0.7
copdo,0,0,1,0.22,0,0,0.2,0,0,0,0,0,0,0,0,1,0.25,0,1,0,0,0.25,0.7
hivo004,0,0,1,0.22,0,0,0.2,0,0,0,0,0,0,0,0,1,0.25,0,1,0,0,0.25,0.7
ccont,0,0,1,0.22,0,0,0.2,0,0,0,0,0,0,0,0,1,0.25,0,1,0,0,0.25,0.7
vodan_anc,0,0,1,0.22,0,0,0.2,0,0,0,0,0,0,0,0,1,0.25,0,1,0,0,0.25,0.7
g-prov,0,0,1,0.22,0,0,0.2,0,0,0,0,0,0,0,0,1,0.25,0,1,0,0,0.25,0.7
bto_ontology,0,0,1,0.22,0,0,0.2,0,0,0,0,0,0,0,0,1,0.25,0,1,0,0,0.25,0.7
mccl,0,0,1,0.22,0,0,0.2,0,0,0,0,0,0,0,0,1,0.25,0,1,0,0,0.25,0.7
mccv,0,0,1,0.22,0,0,0.2,0,0,0,0,0,0,0,0,1,0.25,0,1,0,0,0.25,0.7
bllm,0,0,1,0.22,0,0,0.2,0,0,0,0,0,0,0,0,1,0.25,0,1,0,0,0.25,0.7
drpsnpto,0,0,1,0.22,0,0,0.2,0,0,0,0,0,0,0,0,1,0.25,0,1,0,0,0.25,0.7
goldterms,0,0,1,0.22,0,0,0.2,0,0,0,0,0,0,0,0,1,0.25,0,1,0,0,0.25,0.7
piero,0,0,1,0.22,0,0,0.2,0,0,0,0,0,0,0,0,1,0.25,0,1,0,0,0.25,0.7
fcc1,0,0,1,0.22,0,0,0.2,0,0,0,0,0,0,0,0,1,0.25,0,1,0,0,0.25,0.7
fo,0,0,1,0.22,0,0,0.2,0,0,0,0,0,0,0,0,1,0.25,0,1,0,0,0.25,0.7
fg,0,0,1,0.22,0,0,0.2,0,0,0,0,0,0,0,0,1,0.25,0,1,0,0,0.25,0.7
cu-vo,0,0,1,0.22,0,0,0.2,0,0,0,0,0,0,0,0,1,0.25,0,1,0,0,0.25,0.7
sato,0,0,1,0.22,0,0,0.2,0,0,0,0,0,0,0,0,1,0.25,0,1,0,0,0.25,0.7
orex-sam,0,0,1,0.22,0,0,0.2,0,0,0,0,0,0,0,0,1,0.25,0,1,0,0,0.25,0.7
scio,0,0,1,0.22,0,0,0.2,0,0,0,0,0,0,0,0,1,0.25,0,1,0,0,0.25,0.7
admf,0,0,1,0.22,0,0,0.2,0,0,0,0,0,0,0,0,1,0.25,0,1,0,0,0.25,0.7
admo,0,0,1,0.22,0,0,0.2,0,0,0,0,0,0,0,0,1,0.25,0,1,0,0,0.25,0.7
rnrmu,0,0,1,0.22,0,0,0.2,0,0,0,0,0,0,0,0,1,0.25,0,1,0,0,0.25,0.7
edem-connectonto,0,0,1,0.22,0,0,0.2,0,0,0,0,0,0,0,0,1,0.25,0,1,0,0,0.25,0.7
cn,0,0,1,0.22,0,0,0.2,0,0,0,0,0,0,0,0,1,0.25,0,1,0,0,0.25,0.7
gff-m4m,0,0,1,0.22,0,0,0.2,0,0,0,0,0,0,0,0,1,0.25,0,1,0,0,0.25,0.7
pdo_cas,0,0,1,0.22,0,0,0.2,0,0,0,0,0,0,0,0,1,0.25,0,1,0,0,0.25,0.7
emo,0,0,1,0.22,0,0,0.2,0,0,0,0,0,0,0,0,1,0.25,0,1,0,0,0.25,0.7
qudt2-1,0,0,1,0.22,0,0,0.2,0,0,0,0,0,0,0,0,1,0.25,0,1,0,0,0.25,0.7
rpo,0,0,1,0.22,0,0,0.2,0,0,0,0,0,0,0,0,1,0.25,0,1,0,0,0.25,0.7
syrian-cinema,0,0,1,0.22,0,0,0.2,0,0,0,0,0,0,0,0,1,0.25,0,1,0,0,0.25,0.7
pts,0,0,1,0.22,0,0,0.2,0,0,0,0,0,0,0,0,1,0.25,0,1,0,0,0.25,0.7
exmo,0,0,1,0.22,0,0,0.2,0,0,0,0,0,0,0,0,1,0.25,0,1,0,0,0.25,0.7
lico,0,0,1,0.22,0,0,0.2,0,0,0,0,0,0,0,0,1,0.25,0,1,0,0,0.25,0.7
matr,0,0,1,0.22,0,0,0.2,0,0,0,0,0,0,0,0,1,0.25,0,1,0,0,0.25,0.7
mini-fast-1,0,0,1,0.22,0,0,0.2,0,0,0,0,0,0,0,0,1,0.25,0,1,0,0,0.25,0.7
neumore,0,0,1,0.22,0,0,0.2,0,0,0,0,0,0,0,0,1,0.25,0,1,0,0,0.25,0.7
panet,0,0,1,0.22,0,0,0.2,0,0,0,0,0,0,0,0,1,0.25,0,1,0,0,0.25,0.7
envs_variables,0,0,1,0.22,0,0,0.2,0,0,0,0,0,0,0,0,1,0.25,0,1,0,0,0.25,0.7
snomedct,0,0,1,0.22,0,0,0.2,0,0,0,0,0,0,0,0,1,0.25,0,1,0,0,0.25,0.7
fit_bit,0,0,1,0.22,0,0,0.2,0,0,0,0,0,0,0,0,1,0.25,0,1,0,0,0.25,0.7
icw,0,0,1,0.22,0,0,0.2,0,0,0,0,0,0,0,0,1,0.25,0,1,0,0,0.25,0.7
ogco,0,0,1,0.22,0,0,0.2,0,0,0,0,0,0,0,0,1,0.25,0,1,0,0,0.25,0.7
insname,0,0,1,0.22,0,0,0.2,0,0,0,0,0,0,0,0,1,0.25,0,1,0,0,0.25,0.7
ontoreplicov,0,0,1,0.22,0,0,0.2,0,0,0,0,0,0,0,0,1,0.25,0,1,0,0,0.25,0.7
nidm-results,0,0,1,0.22,0,0,0.2,0,0,0,0,0,0,0,0,1,0.25,0,1,0,0,0.25,0.7
hivcrs,0,0,1,0.22,0,0,0.2,0,0,0,0,0,0,0,0,1,0.25,0,1,0,0,0.25,0.7
dloro,0,0,1,0.22,0,0,0.2,0,0,0,0,0,0,0,0,1,0.25,0,1,0,0,0.25,0.7
gffo,0,0,1,0.22,0,0,0.2,0,0,0,0,0,0,0,0,1,0.25,0,1,0,0,0.25,0.7
nro,0,0,1,0.22,0,0,0.2,0,0,0,0,0,0,0,0,1,0.25,0,1,0,0,0.25,0.7
rh-mesh,0,0,1,0.22,0,0,0.2,0,0,0,0,0,0,0,0,1,0.25,0,1,0,0,0.25,0.7
intvmode,0,0,1,0.22,0,0,0.2,0,0,0,0,0,0,0,0,1,0.25,0,1,0,0,0.25,0.7
cohsi2study,0,0,1,0.22,0,0,0.2,0,0,0,0,0,0,0,0,1,0.25,0,1,0,0,0.25,0.7
fast-chrono,0,0,1,0.22,0,0,0.2,0,0,0,0,0,0,0,0,1,0.25,0,1,0,0,0.25,0.7
ibio,0,0,1,0.22,0,0,0.2,0,0,0,0,0,0,0,0,1,0.25,0,1,0,0,0.25,0.7
adher_intcare_sp,0,0,1,0.22,0,0,0.2,0,0,0,0,0,0,0,0,1,0.25,0,1,0,0,0.25,0.7
edda,0,0,1,0.22,0,0,0.2,0,0,0,0,0,0,0,0,1,0.25,0,1,0,0,0.25,0.7
patgv,0,0,1,0.22,0,0,0.2,0,0,0,0,0,0,0,0,1,0.25,0,1,0,0,0.25,0.7
eso_c,0,0,1,0.22,0,0,0.2,0,0,0,0,0,0,0,0,1,0.25,0,1,0,0,0.25,0.7
hns,0,0,1,0.22,0,0,0.2,0,0,0,0,0,0,0,0,1,0.25,0,1,0,0,0.25,0.7
mixs,0,0,1,0.22,0,0,0.2,0,0,0,0,0,0,0,0,1,0.25,0,1,0,0,0.25,0.7
mooccuado,0,0,1,0.22,0,0,0.2,0,0,0,0,0,0,0,0,1,0.25,0,1,0,0,0.25,0.7
fish-ast,0,0,1,0.22,0,0,0.2,0,0,0,0,0,0,0,0,1,0.25,0,1,0,0,0.25,0.7
mpo,0,0,1,0.22,0,0,0.2,0,0,0,0,0,0,0,0,1,0.25,0,1,0,0,0.25,0.7
cseo,0,0,1,0.22,0,0,0.2,0,0,0,0,0,0,0,0,1,0.25,0,1,0,0,0.25,0.7
bp-metadata,0,0,1,0.22,0,0,0.2,0,0,0,0,0,0,0,0,1,0.25,0,1,0,0,0.25,0.7
obs,0,0,1,0.22,0,0,0.2,0,0,0,0,0,0,0,0,1,0.25,0,1,0,0,0.25,0.7
ito,0,0,1,0.22,0,0,0.2,0,0,0,0,0,0,0,0,1,0.25,0,1,0,0,0.25,0.7
leo,0,0,1,0.22,0,0,0.2,0,0,0,0,0,0,0,0,1,0.25,0,1,0,0,0.25,0.7
adalab,0,0,1,0.22,0,0,0.2,0,0,0,0,0,0,0,0,1,0.25,0,1,0,0,0.25,0.7
mepo,0,0,1,0.22,0,0,0.2,0,0,0,0,0,0,0,0,1,0.25,0,1,0,0,0.25,0.7
arcrc,0,0,1,0.22,0,0,0.2,0,0,0,0,0,0,0,0,1,0.25,0,1,0,0,0.25,0.7
csso,0,0,1,0.22,0,0,0.2,0,0,0,0,0,0,0,0,1,0.25,0,1,0,0,0.25,0.7
apadisorders,0,0,1,0.22,0,0,0.2,0,0,0,0,0,0,0,0,1,0.25,0,1,0,0,0.25,0.7
sweet,0,0,1,0.22,0,0,0.2,0,0,0,0,0,0,0,0,1,0.25,0,1,0,0,0.25,0.7
eo1,0,0,1,0.22,0,0,0.2,0,0,0,0,0,0,0,0,1,0.25,0,1,0,0,0.25,0.7
satusehatthesis,0,0,1,0.22,0,0,0.2,0,0,0,0,0,0,0,0,1,0.25,0,1,0,0,0.25,0.7
mwla,0,0,1,0.22,0,0,0.2,0,0,0,0,0,0,0,0,1,0.25,0,1,0,0,0.25,0.7
fgnhns,0,0,1,0.22,0,0,0.2,0,0,0,0,0,0,0,0,1,0.25,0,1,0,0,0.25,0.7
m,0,0,1,0.22,0,0,0.2,0,0,0,0,0,0,0,0,1,0.25,0,1,0,0,0.25,0.7
mm,0,0,1,0.22,0,0,0.2,0,0,0,0,0,0,0,0,1,0.25,0,1,0,0,0.25,0.7
pmo,0,0,1,0.22,0,0,0.2,0,0,0,0,0,0,0,0,1,0.25,0,1,0,0,0.25,0.7
ftc,0,0,1,0.22,0,0,0.2,0,0,0,0,0,0,0,0,1,0.25,0,1,0,0,0.25,0.7
ifar,0,0,1,0.22,0,0,0.2,0,0,0,0,0,0,0,0,1,0.25,0,1,0,0,0.25,0.7
onl-dp,0,0,1,0.22,0,0,0.2,0,0,0,0,0,0,0,0,1,0.25,0,1,0,0,0.25,0.7
cpro,0,0,1,0.22,0,0,0.2,0,0,0,0,0,0,0,0,1,0.25,0,1,0,0,0.25,0.7
altproton,0,0,1,0.22,0,0,0.2,0,0,0,0,0,0,0,0,1,0.25,0,1,0,0,0.25,0.7
inbio,0,0,1,0.22,0,0,0.2,0,0,0,0,0,0,0,0,1,0.25,0,1,0,0,0.25,0.7
ik,0,0,1,0.22,0,0,0.2,0,0,0,0,0,0,0,0,1,0.25,0,1,0,0,0.25,0.7
vodanauganda,0,0,1,0.22,0,0,0.2,0,0,0,0,0,0,0,0,1,0.25,0,1,0,0,0.25,0.7
pcao,0,0,1,0.22,0,0,0.2,0,0,0,0,0,0,0,0,1,0.25,0,1,0,0,0.25,0.7
gb,0,0,1,0.22,0,0,0.2,0,0,0,0,0,0,0,0,1,0.25,0,1,0,0,0.25,0.7
fall,0,0,1,0.22,0,0,0.2,0,0,0,0,0,0,0,0,1,0.25,0,1,0,0,0.25,0.7
hed,0,0,1,0.22,0,0,0.2,0,0,0,0,0,0,0,0,1,0.25,0,1,0,0,0.25,0.7
regn_go,0,0,1,0.22,0,0,0.2,0,0,0,0,0,0,0,0,1,0.25,0,1,0,0,0.25,0.7
bclion,0,0,1,0.22,0,0,0.2,0,0,0,0,0,0,0,0,1,0.25,0,1,0,0,0.25,0.7
simm,0,0,1,0.22,0,0,0.2,0,0,0,0,0,0,0,0,1,0.25,0,1,0,0,0.25,0.7
tdwgspec,0,0,1,0.22,0,0,0.2,0,0,0,0,0,0,0,0,1,0.25,0,1,0,0,0.25,0.7
matrcompound,0,0,1,0.22,0,0,0.2,0,0,0,0,0,0,0,0,1,0.25,0,1,0,0,0.25,0.7
fast-title,0,0,1,0.22,0,0,0.2,0,0,0,0,0,0,0,0,1,0.25,0,1,0,0,0.25,0.7
dranpto,0,0,1,0.22,0,0,0.2,0,0,0,0,0,0,0,0,1,0.25,0,1,0,0,0.25,0.7
phage,0,0,1,0.22,0,0,0.2,0,0,0,0,0,0,0,0,1,0.25,0,1,0,0,0.25,0.7
fast-genreform,0,0,1,0.22,0,0,0.2,0,0,0,0,0,0,0,0,1,0.25,0,1,0,0,0.25,0.7
phmammado,0,0,1,0.22,0,0,0.2,0,0,0,0,0,0,0,0,1,0.25,0,1,0,0,0.25,0.7
emif-ad,0,0,1,0.22,0,0,0.2,0,0,0,0,0,0,0,0,1,0.25,0,1,0,0,0.25,0.7
neio,0,0,1,0.22,0,0,0.2,0,0,0,0,0,0,0,0,1,0.25,0,1,0,0,0.25,0.7
hgnc-nr,0,0,1,0.22,0,0,0.2,0,0,0,0,0,0,0,0,1,0.25,0,1,0,0,0.25,0.7
bibframe,0,0,1,0.22,0,0,0.2,0,0,0,0,0,0,0,0,1,0.25,0,1,0,0,0.25,0.7
metabus,0,0,1,0.22,0,0,0.2,0,0,0,0,0,0,0,0,1,0.25,0,1,0,0,0.25,0.7
hivhpvfgs,0,0,1,0.22,0,0,0.2,0,0,0,0,0,0,0,0,1,0.25,0,1,0,0,0.25,0.7
bibliotek-o,0,0,1,0.22,0,0,0.2,0,0,0,0,0,0,0,0,1,0.25,0,1,0,0,0.25,0.7
pcmo,0,0,1,0.22,0,0,0.2,0,0,0,0,0,0,0,0,1,0.25,0,1,0,0,0.25,0.7
pghd_connect,0,0,1,0.22,0,0,0.2,0,0,0,0,0,0,0,0,1,0.25,0,1,0,0,0.25,0.7
ctu_beready_gem,0,0,1,0.22,0,0,0.2,0,0,0,0,0,0,0,0,1,0.25,0,1,0,0,0.25,0.7
ego,0,0,1,0.22,0,0,0.2,0,0,0,0,0,0,0,0,1,0.25,0,1,0,0,0.25,0.7
pplc,0,0,1,0.22,0,0,0.2,0,0,0,0,0,0,0,0,1,0.25,0,1,0,0,0.25,0.7
marc-languages,0,0,1,0.22,0,0,0.2,0,0,0,0,0,0,0,0,1,0.25,0,1,0,0,0.25,0.7
pvonto,0,0,1,0.22,0,0,0.2,0,0,0,0,0,0,0,0,1,0.25,0,1,0,0,0.25,0.7
pmapp-pmo,0,0,1,0.22,0,0,0.2,0,0,0,0,0,0,0,0,1,0.25,0,1,0,0,0.25,0.7
iaml-mop,0,0,1,0.22,0,0,0.2,0,0,0,0,0,0,0,0,1,0.25,0,1,0,0,0.25,0.7
atom,0,0,1,0.22,0,0,0.2,0,0,0,0,0,0,0,0,1,0.25,0,1,0,0,0.25,0.7
atol,0,0,1,0.22,0,0,0.2,0,0,0,0,0,0,0,0,1,0.25,0,1,0,0,0.25,0.7
m4m-char,0,0,1,0.22,0,0,0.2,0,0,0,0,0,0,0,0,1,0.25,0,1,0,0,0.25,0.7
vodanakenya,0,0,1,0.22,0,0,0.2,0,0,0,0,0,0,0,0,1,0.25,0,1,0,0,0.25,0.7
nlmvs,0,0,1,0.22,0,0,0.2,0,0,0,0,0,0,0,0,1,0.25,0,1,0,0,0.25,0.7
rda-content,0,0,1,0.22,0,0,0.2,0,0,0,0,0,0,0,0,1,0.25,0,1,0,0,0.25,0.7
ichom-proms-pcb,0,0,1,0.22,0,0,0.2,0,0,0,0,0,0,0,0,1,0.25,0,1,0,0,0.25,0.7
bdpm,0,0,1,0.22,0,0,0.2,0,0,0,0,0,0,0,0,1,0.25,0,1,0,0,0.25,0.7
opb,0,0,1,0.22,0,0,0.2,0,0,0,0,0,0,0,0,1,0.25,0,1,0,0,0.25,0.7
iso19115,0,0,1,0.22,0,0,0.2,0,0,0,0,0,0,0,0,1,0.25,0,1,0,0,0.25,0.7
iso19110,0,0,1,0.22,0,0,0.2,0,0,0,0,0,0,0,0,1,0.25,0,1,0,0,0.25,0.7
falls,0,0,1,0.22,0,0,0.2,0,0,0,0,0,0,0,0,1,0.25,0,1,0,0,0.25,0.7
c19m,0,0,1,0.22,0,0,0.2,0,0,0,0,0,0,0,0,1,0.25,0,1,0,0,0.25,0.7
pataxo,0,0,1,0.22,0,0,0.2,0,0,0,0,0,0,0,0,1,0.25,0,1,0,0,0.25,0.7
gbm,0,0,1,0.22,0,0,0.2,0,0,0,0,0,0,0,0,1,0.25,0,1,0,0,0.25,0.7
salmon,0,0,1,0.22,0,0,0.2,0,0,0,0,0,0,0,0,1,0.25,0,1,0,0,0.25,0.7
bipon,0,0,1,0.22,0,0,0.2,0,0,0,0,0,0,0,0,1,0.25,0,1,0,0,0.25,0.7
illnessinjury,0,0,1,0.22,0,0,0.2,0,0,0,0,0,0,0,0,1,0.25,0,1,0,0,0.25,0.7
matrelement,0,0,1,0.22,0,0,0.2,0,0,0,0,0,0,0,0,1,0.25,0,1,0,0,0.25,0.7
condor,0,0,1,0.22,0,0,0.2,0,0,0,0,0,0,0,0,1,0.25,0,1,0,0,0.25,0.7
gene-cds,0,0,1,0.22,0,0,0.2,0,0,0,0,0,0,0,0,1,0.25,0,1,0,0,0.25,0.7
ispo,0,0,1,0.22,0,0,0.2,0,0,0,0,0,0,0,0,1,0.25,0,1,0,0,0.25,0.7
bto-emmo,0,0,1,0.22,0,0,0.2,0,0,0,0,0,0,0,0,1,0.25,0,1,0,0,0.25,0.7
iso19115di,0,0,1,0.22,0,0,0.2,0,0,0,0,0,0,0,0,1,0.25,0,1,0,0,0.25,0.7
ctont,0,0,1,0.22,0,0,0.2,0,0,0,0,0,0,0,0,1,0.25,0,1,0,0,0.25,0.7
mgbd,0,0,1,0.22,0,0,0.2,0,0,0,0,0,0,0,0,1,0.25,0,1,0,0,0.25,0.7
cvao,0,0,1,0.22,0,0,0.2,0,0,0,0,0,0,0,0,1,0.25,0,1,0,0,0.25,0.7
biomo,0,0,1,0.22,0,0,0.2,0,0,0,0,0,0,0,0,1,0.25,0,1,0,0,0.25,0.7
sdoho,0,0,1,0.22,0,0,0.2,0,0,0,0,0,0,0,0,1,0.25,0,1,0,0,0.25,0.7
gcbo,0,0,1,0.22,0,0,0.2,0,0,0,0,0,0,0,0,1,0.25,0,1,0,0,0.25,0.7
hoip,0,0,1,0.22,0,0,0.2,0,0,0,0,0,0,0,0,1,0.25,0,1,0,0,0.25,0.7
cedarvs,0,0,1,0.22,0,0,0.2,0,0,0,0,0,0,0,0,1,0.25,0,1,0,0,0.25,0.7
ope,0,0,1,0.22,0,0,0.2,0,0,0,0,0,0,0,0,1,0.25,0,1,0,0,0.25,0.7
moocciado,0,0,1,0.22,0,0,0.2,0,0,0,0,0,0,0,0,1,0.25,0,1,0,0,0.25,0.7
obi_iee,0,0,1,0.22,0,0,0.2,0,0,0,0,0,0,0,0,1,0.25,0,1,0,0,0.25,0.7
neo,0,0,1,0.22,0,0,0.2,0,0,0,0,0,0,0,0,1,0.25,0,1,0,0,0.25,0.7
apaneurocluster,0,0,1,0.22,0,0,0.2,0,0,0,0,0,0,0,0,1,0.25,0,1,0,0,0.25,0.7
materialsmine,0,0,1,0.22,0,0,0.2,0,0,0,0,0,0,0,0,1,0.25,0,1,0,0,0.25,0.7
iso-food,0,0,1,0.22,0,0,0.2,0,0,0,0,0,0,0,0,1,0.25,0,1,0,0,0.25,0.7
dsip_fl_7,0,0,1,0.22,0,0,0.2,0,0,0,0,0,0,0,0,1,0.25,0,1,0,0,0.25,0.7
mooculado,0,0,1,0.22,0,0,0.2,0,0,0,0,0,0,0,0,1,0.25,0,1,0,0,0.25,0.7
orex-wg,0,0,1,0.22,0,0,0.2,0,0,0,0,0,0,0,0,1,0.25,0,1,0,0,0.25,0.7
nmobr,0,0,1,0.22,0,0,0.2,0,0,0,0,0,0,0,0,1,0.25,0,1,0,0,0.25,0.7
paymentmode,0,0,1,0.22,0,0,0.2,0,0,0,0,0,0,0,0,1,0.25,0,1,0,0,0.25,0.7
thesisdemo,0,0,1,0.22,0,0,0.2,0,0,0,0,0,0,0,0,1,0.25,0,1,0,0,0.25,0.7
ofsmr,0,0,1,0.22,0,0,0.2,0,0,0,0,0,0,0,0,1,0.25,0,1,0,0,0.25,0.7
four-m_vocabs,0,0,1,0.22,0,0,0.2,0,0,0,0,0,0,0,0,1,0.25,0,1,0,0,0.25,0.7
acvd_ontology,0,0,1,0.22,0,0,0.2,0,0,0,0,0,0,0,0,1,0.25,0,1,0,0,0.25,0.7
fasto,0,0,1,0.22,0,0,0.2,0,0,0,0,0,0,0,0,1,0.25,0,1,0,0,0.25,0.7
svu_mws_wsm_f23,0,0,1,0.22,0,0,0.2,0,0,0,0,0,0,0,0,1,0.25,0,1,0,0,0.25,0.7
hoom,0,0,1,0.22,0,0,0.2,0,0,0,0,0,0,0,0,1,0.25,0,1,0,0,0.25,0.7
tephram4mexample,0,0,1,0.22,0,0,0.2,0,0,0,0,0,0,0,0,1,0.25,0,1,0,0,0.25,0.7
ethopd,0,0,1,0.22,0,0,0.2,0,0,0,0,0,0,0,0,1,0.25,0,1,0,0,0.25,0.7
bin,0,0,1,0.22,0,0,0.2,0,0,0,0,0,0,0,0,1,0.25,0,1,0,0,0.25,0.7
insecth,0,0,1,0.22,0,0,0.2,0,0,0,0,0,0,0,0,1,0.25,0,1,0,0,0.25,0.7
infection_trans,0,0,1,0.22,0,0,0.2,0,0,0,0,0,0,0,0,1,0.25,0,1,0,0,0.25,0.7
hivhpv,0,0,1,0.22,0,0,0.2,0,0,0,0,0,0,0,0,1,0.25,0,1,0,0,0.25,0.7
endoh,0,0,1,0.22,0,0,0.2,0,0,0,0,0,0,0,0,1,0.25,0,1,0,0,0.25,0.7
biodivthes,0,0,1,0.22,0,0,0.2,0,0,0,0,0,0,0,0,1,0.25,0,1,0,0,0.25,0.7
d3o,0,0,1,0.22,0,0,0.2,0,0,0,0,0,0,0,0,1,0.25,0,1,0,0,0.25,0.7
nxdx,0,0,1,0.22,0,0,0.2,0,0,0,0,0,0,0,0,1,0.25,0,1,0,0,0.25,0.7
wetaxtopics,0,0,1,0.22,0,0,0.2,0,0,0,0,0,0,0,0,1,0.25,0,1,0,0,0.25,0.7
wweca,0,0,1,0.22,0,0,0.2,0,0,0,0,0,0,0,0,1,0.25,0,1,0,0,0.25,0.7
bio2rdf-pubmed,1,0,1,1,1,1,0.83,1,1,1,1,1,1,1,0,1,0.75,0,1,0.181818182,1,0.55,3.13
pco,0,0,1,0.44,0,0,0.24,0,0,0,0,0,1,1,0,1,0.75,0,1,0,0,0.25,1.24
ccfo,0,0,1,0.44,0,0,0.24,0,0,0,0,0,1,1,0,1,0.75,0,1,0,0,0.25,1.24
uniprot,1,0,1,0.78,1,1,0.8,1,1,0,1,0.75,0,1,1,1,0.75,1,1,0,1,0.75,3.05
sibo,0,0,1,0.33,0,0,0.22,0,0,0,0,0,0,1,0,1,0.5,0,1,0,0,0.25,0.97
rexo,0,0,1,0.33,0,0,0.22,0,0,0,0,0,0,1,0,1,0.5,0,1,0,0,0.25,0.97
reto,0,0,1,0.33,0,0,0.22,0,0,0,0,0,0,1,0,1,0.5,0,1,0,0,0.25,0.97
dcm,0,0,1,0.33,0,0,0.22,0,0,0,0,0,0,1,0,1,0.5,0,1,0,0,0.25,0.97
bco,0,0,1,0.44,0,0,0.24,0,0,0,0,0,1,1,0,1,0.75,0,1,0,0,0.25,1.24
foodon,0,0,1,0.44,0,0,0.24,0,0,0,0,0,1,1,0,1,0.75,0,1,0,0,0.25,1.24
bfo,0,0,1,0.33,0,0,0.22,0,0,0,0,0,0,1,0,1,0.5,0,1,0,0,0.25,0.97
mirnao,0,0,1,0.33,0,0,0.22,0,0,0,0,0,1,0,0,1,0.5,0,1,0,0,0.25,0.97
ncro,0,0,1,0.33,0,0,0.22,0,0,0,0,0,0,1,0,1,0.5,0,1,0,0,0.25,0.97
fbsp,0,0,1,0.33,0,0,0.22,0,0,0,0,0,0,1,0,1,0.5,0,1,0,0,0.25,0.97
dinto,0,0,1,0.33,0,0,0.22,0,0,0,0,0,1,0,0,1,0.5,0,1,0,0,0.25,0.97
fbcv,0,0,1,0.44,0,0,0.24,0,0,0,0,0,1,1,0,1,0.75,0,1,0,0,0.25,1.24
dron,0,0,1,0.22,0,0,0.2,0,0,0,0,0,0,0,0,1,0.25,0,1,0,0,0.25,0.7
osci,0,0,1,0.22,0,0,0.2,0,0,0,0,0,0,0,0,1,0.25,0,1,0,0,0.25,0.7
ado,0,0,1,0.33,0,0,0.22,0,0,0,0,0,1,0,0,1,0.5,0,1,0,0,0.25,0.97
owl,0,0,1,0.22,0,0,0.2,0,0,0,0,0,0,0,0,1,0.25,0,1,0,0,0.25,0.7
coid,0,0,1,0.22,0,0,0.2,0,0,0,0,0,0,0,0,1,0.25,0,1,0,0,0.25,0.7
dpo,0,0,1,0.22,0,0,0.2,0,0,0,0,0,0,0,0,1,0.25,0,1,0,0,0.25,0.7
ecao,0,0,1,0.33,0,0,0.22,0,0,0,0,0,0,1,0,1,0.5,0,1,0,0,0.25,0.97
disdriv,0,0,1,0.44,0,0,0.24,0,0,0,0,0,1,1,0,1,0.75,0,1,0,0,0.25,1.24
doid,0,0,1,0.44,0,0,0.24,0,0,0,0,0,1,1,0,1,0.75,0,1,0,0,0.25,1.24
txpo,0,0,1,0.22,0,0,0.2,0,0,0,0,0,0,0,0,1,0.25,0,1,0,0,0.25,0.7
cto,0,0,1,0.22,0,0,0.2,0,0,0,0,0,0,0,0,1,0.25,0,1,0,0,0.25,0.7
cctoo,0,0,1,0.22,0,0,0.2,0,0,0,0,0,0,0,0,1,0.25,0,1,0,0,0.25,0.7
ncit,0,0,1,0.22,0,0,0.2,0,0,0,0,0,0,0,0,1,0.25,0,1,0,0,0.25,0.7
mondo,0,0,1,0.33,0,0,0.22,0,0,0,0,0,0,1,0,1,0.5,0,1,0,0,0.25,0.97
nomen,0,0,1,0.22,0,0,0.2,0,0,0,0,0,0,0,0,1,0.25,0,1,0,0,0.25,0.7
apollo_sv,0,0,1,0.22,0,0,0.2,0,0,0,0,0,0,0,0,1,0.25,0,1,0,0,0.25,0.7
icdo,1,0,1,0.44,1,0,0.57,0,0,0,0,0,0,1,0,1,0.5,0,1,0,0,0.25,1.32
tads,1,0,1,0.44,1,0,0.57,0,0,0,0,0,0,1,0,1,0.5,0,1,0,0,0.25,1.32
uberon,1,0,1,0.56,1,0,0.59,0,0,0,0,0,1,1,0,1,0.75,0,1,0,0,0.25,1.59
chiro,1,0,1,0.44,1,0,0.57,0,0,0,0,0,0,1,0,1,0.5,0,1,0,0,0.25,1.32
chebi,1,0,1,0.44,1,0,0.57,0,0,0,0,0,0,1,0,1,0.5,0,1,0,0,0.25,1.32
oce,1,0,1,0.56,1,0,0.59,0,0,0,0,0,1,1,0,1,0.75,0,1,0,0,0.25,1.59
bioportal-bootstrep,1,0,1,0.67,1,1,0.78,0,1,0,1,0.5,0,1,0,1,0.5,0,1,0,1,0.5,2.28
idomal,1,0,1,0.44,1,0,0.57,0,0,0,0,0,0,1,0,1,0.5,0,1,0,0,0.25,1.32
ido,1,0,1,0.56,1,0,0.59,0,0,0,0,0,1,1,0,1,0.75,0,1,0,0,0.25,1.59
veo,0,0,1,0.22,0,0,0.2,0,0,0,0,0,0,0,0,1,0.25,0,1,0,0,0.25,0.7
cido,1,0,1,0.56,1,0,0.59,0,0,0,0,0,1,1,0,1,0.75,0,1,0,0,0.25,1.59
cbo,0,0,1,0.22,0,0,0.2,0,0,0,0,0,0,0,0,1,0.25,0,1,0,0,0.25,0.7
ktao,1,0,1,0.44,1,0,0.57,0,0,0,0,0,0,1,0,1,0.5,0,1,0,0,0.25,1.32
geno,0,0,1,0.22,0,0,0.2,0,0,0,0,0,0,0,0,1,0.25,0,1,0,0,0.25,0.7
bcgo,1,0,1,0.56,1,0,0.59,0,0,0,0,0,1,1,0,1,0.75,0,1,0,0,0.25,1.59
ino,1,0,1,0.44,1,0,0.57,0,0,0,0,0,0,1,0,1,0.5,0,1,0,0,0.25,1.32
hino,1,0,1,0.44,1,0,0.57,0,0,0,0,0,0,1,0,1,0.5,0,1,0,0,0.25,1.32
oostt,1,0,1,0.44,1,0,0.57,0,0,0,0,0,0,1,0,1,0.5,0,1,0,0,0.25,1.32
ons,0,0,1,0.22,0,0,0.2,0,0,0,0,0,0,0,0,1,0.25,0,1,0,0,0.25,0.7
mco,1,0,1,0.44,1,0,0.57,0,0,0,0,0,0,1,0,1,0.5,0,1,0,0,0.25,1.32
pdro,1,0,1,0.56,1,0,0.59,0,0,0,0,0,1,1,0,1,0.75,0,1,0,0,0.25,1.59
pcl,1,0,1,0.56,1,0,0.59,0,0,0,0,0,1,1,0,1,0.75,0,1,0,0,0.25,1.59
pdumdv,0,0,1,0.33,0,0,0.22,0,0,0,0,0,1,0,0,1,0.5,0,1,0,0,0.25,0.97
hom,1,0,1,0.44,1,0,0.57,0,0,0,0,0,0,1,0,1,0.5,0,1,0,0,0.25,1.32
afo,1,0,1,0.56,1,0,0.59,0,0,0,0,0,1,1,0,1,0.75,0,1,0,0,0.25,1.59
enm,1,0,1,0.44,1,0,0.57,0,0,0,0,0,0,1,0,1,0.5,0,1,0,0,0.25,1.32
ddpheno,1,0,1,0.56,1,0,0.59,0,0,0,0,0,1,1,0,1,0.75,0,1,0,0,0.25,1.59
dideo,1,0,1,0.44,1,0,0.57,0,0,0,0,0,0,1,0,1,0.5,0,1,0,0,0.25,1.32
eco,1,0,1,0.56,1,0,0.59,0,0,0,0,0,1,1,0,1,0.75,0,1,0,0,0.25,1.59
ecocore,1,0,1,0.56,1,0,0.59,0,0,0,0,0,1,1,0,1,0.75,0,1,0,0,0.25,1.59
ao,0,0,1,0.22,0,0,0.2,0,0,0,0,0,0,0,0,1,0.25,0,1,0,0,0.25,0.7
hao,1,0,1,0.44,1,0,0.57,0,0,0,0,0,0,1,0,1,0.5,0,1,0,0,0.25,1.32
hsapdv,0,0,1,0.33,0,0,0.22,0,0,0,0,0,1,0,0,1,0.5,0,1,0,0,0.25,0.97
hso,1,0,1,0.56,1,0,0.59,0,0,0,0,0,1,1,0,1,0.75,0,1,0,0,0.25,1.59
htn,1,0,1,0.44,1,0,0.57,0,0,0,0,0,0,1,0,1,0.5,0,1,0,0,0.25,1.32
chmo,1,0,1,0.56,1,0,0.59,0,0,0,0,0,1,1,0,1,0.75,0,1,0,0,0.25,1.59
olobo,1,0,1,0.44,1,0,0.57,0,0,0,0,0,0,1,0,1,0.5,0,1,0,0,0.25,1.32
pico,1,0,1,0.56,1,0,0.59,0,0,0,0,0,1,1,0,1,0.75,0,1,0,0,0.25,1.59
maxo,1,0,1,0.56,1,0,0.59,0,0,0,0,0,1,1,0,1,0.75,0,1,0,0,0.25,1.59
fbbt,1,0,1,0.56,1,0,0.59,0,0,0,0,0,1,1,0,1,0.75,0,1,0,0,0.25,1.59
fbdv,1,0,1,0.56,1,0,0.59,0,0,0,0,0,1,1,0,1,0.75,0,1,0,0,0.25,1.59
bto,1,0,1,0.56,1,0,0.59,0,0,0,0,0,1,1,0,1,0.75,0,1,0,0,0.25,1.59
ncbitaxon,1,0,1,0.56,1,0,0.59,0,0,0,0,0,1,1,0,1,0.75,0,1,0,0,0.25,1.59
pw,1,0,1,0.44,1,0,0.57,0,0,0,0,0,0,1,0,1,0.5,0,1,0,0,0.25,1.32
ogi,1,0,1,0.44,1,0,0.57,0,0,0,0,0,0,1,0,1,0.5,0,1,0,0,0.25,1.32
ev,1,0,1,0.44,1,0,0.57,0,0,0,0,0,0,1,0,1,0.5,0,1,0,0,0.25,1.32
ehdaa2,1,0,1,0.44,1,0,0.57,0,0,0,0,0,0,1,0,1,0.5,0,1,0,0,0.25,1.32
mmo,1,0,1,0.44,1,0,0.57,0,0,0,0,0,0,1,0,1,0.5,0,1,0,0,0.25,1.32
ido;_vido;_cido,1,0,1,0.56,1,0,0.59,0,0,0,0,0,1,1,0,1,0.75,0,1,0,0,0.25,1.59
genepio,1,0,1,0.56,1,0,0.59,0,0,0,0,0,1,1,0,1,0.75,0,1,0,0,0.25,1.59
epio,1,0,1,0.56,1,0,0.59,0,0,0,0,0,1,1,0,1,0.75,0,1,0,0,0.25,1.59
cl,1,0,1,0.56,1,0,0.59,0,0,0,0,0,1,1,0,1,0.75,0,1,0,0,0.25,1.59
cheminf,1,0,1,0.56,1,0,0.59,0,0,0,0,0,1,1,0,1,0.75,0,1,0,0,0.25,1.59
mido,1,0,1,0.44,1,0,0.57,0,0,0,0,0,0,1,0,1,0.5,0,1,0,0,0.25,1.32
vido,0,0,1,0.33,0,0,0.22,0,0,0,0,0,1,0,0,1,0.5,0,1,0,0,0.25,0.97
idocovid19,1,0,1,0.44,1,0,0.57,0,0,0,0,0,0,1,0,1,0.5,0,1,0,0,0.25,1.32
efo,0,0,1,0.33,0,0,0.22,0,0,0,0,0,1,0,0,1,0.5,0,1,0,0,0.25,0.97
lib,0,0,1,0.22,0,0,0.2,0,0,0,0,0,0,0,0,1,0.25,0,1,0,0,0.25,0.7
of,0,0,1,0.22,0,0,0.2,0,0,0,0,0,0,0,0,1,0.25,0,1,0,0,0.25,0.7
cs,0,0,1,0.22,0,0,0.2,0,0,0,0,0,0,0,0,1,0.25,0,1,0,0,0.25,0.7
miro,0,0,1,0.33,0,0,0.22,0,0,0,0,0,1,0,0,1,0.5,0,1,0,0,0.25,0.97
mmusdv,0,0,1,0.33,0,0,0.22,0,0,0,0,0,1,0,0,1,0.5,0,1,0,0,0.25,0.97
mod,0,0,1,0.33,0,0,0.22,0,0,0,0,0,1,0,0,1,0.5,0,1,0,0,0.25,0.97
xlmod,0,0,1,0.22,0,0,0.2,0,0,0,0,0,0,0,0,1,0.25,0,1,0,0,0.25,0.7
peco,0,0,1,0.33,0,0,0.22,0,0,0,0,0,1,0,0,1,0.5,0,1,0,0,0.25,0.97
colao,0,0,1,0.22,0,0,0.2,0,0,0,0,0,0,0,0,1,0.25,0,1,0,0,0.25,0.7
gaz,0,0,1,0.33,0,0,0.22,0,0,0,0,0,1,0,0,1,0.5,0,1,0,0,0.25,0.97
hpo,0,0,1,0.22,0,0,0.2,0,0,0,0,0,0,0,0,1,0.25,0,1,0,0,0.25,0.7
clao,0,0,1,0.22,0,0,0.2,0,0,0,0,0,0,0,0,1,0.25,0,1,0,0,0.25,0.7
hto,0,0,1,0.22,0,0,0.2,0,0,0,0,0,0,0,0,1,0.25,0,1,0,0,0.25,0.7
dcat,0,0,1,0.22,0,0,0.2,0,0,0,0,0,0,0,0,1,0.25,0,1,0,0,0.25,0.7
ro,0,0,1,0.22,0,0,0.2,0,0,0,0,0,0,0,0,1,0.25,0,1,0,0,0.25,0.7
dcterms,0,0,1,0.22,0,0,0.2,0,0,0,0,0,0,0,0,1,0.25,0,1,0,0,0.25,0.7
dicom,0,0,1,0.33,0,0,0.22,0,0,0,0,0,1,0,0,1,0.5,0,1,0,0,0.25,0.97
ero,0,0,1,0.22,0,0,0.2,0,0,0,0,0,0,0,0,1,0.25,0,1,0,0,0.25,0.7
cro,0,0,1,0.33,0,0,0.22,0,0,0,0,0,1,0,0,1,0.5,0,1,0,0,0.25,0.97
psdo,0,0,1,0.33,0,0,0.22,0,0,0,0,0,1,0,0,1,0.5,0,1,0,0,0.25,0.97
taxrank,0,0,1,0.33,0,0,0.22,0,0,0,0,0,1,0,0,1,0.5,0,1,0,0,0.25,0.97
hra,0,0,1,0.22,0,0,0.2,0,0,0,0,0,0,0,0,1,0.25,0,1,0,0,0.25,0.7
mro,0,0,1,0.22,0,0,0.2,0,0,0,0,0,0,0,0,1,0.25,0,1,0,0,0.25,0.7
xao,0,0,1,0.22,0,0,0.2,0,0,0,0,0,0,0,0,1,0.25,0,1,0,0,0.25,0.7
iao,0,0,1,0.33,0,0,0.22,0,0,0,0,0,1,0,0,1,0.5,0,1,0,0,0.25,0.97
ocd,1,0,1,0.89,1,1,0.82,1,1,0,1,0.75,1,1,0,1,0.75,0,1,0,1,0.5,2.82
poro,0,0,1,0.22,0,0,0.2,0,0,0,0,0,0,0,0,1,0.25,0,1,0,0,0.25,0.7
cco,0,0,1,0.33,0,0,0.22,0,0,0,0,0,1,0,0,1,0.5,0,1,0,0,0.25,0.97
dpco,0,0,1,0.22,0,0,0.2,0,0,0,0,0,0,0,0,1,0.25,0,1,0,0,0.25,0.7
cio,0,0,1,0.22,0,0,0.2,0,0,0,0,0,0,0,0,1,0.25,0,1,0,0,0.25,0.7
provo,0,0,1,0.22,0,0,0.2,0,0,0,0,0,0,0,0,1,0.25,0,1,0,0,0.25,0.7
msr,0,0,1,0.22,0,0,0.2,0,0,0,0,0,0,0,0,1,0.25,0,1,0,0,0.25,0.7
pdo,0,0,1,0.22,0,0,0.2,0,0,0,0,0,0,0,0,1,0.25,0,1,0,0,0.25,0.7
agro,0,0,1,0.22,0,0,0.2,0,0,0,0,0,0,0,0,1,0.25,0,1,0,0,0.25,0.7
dco,0,0,1,0.22,0,0,0.2,0,0,0,0,0,0,0,0,1,0.25,0,1,0,0,0.25,0.7
cmf,0,0,1,0.22,0,0,0.2,0,0,0,0,0,0,0,0,1,0.25,0,1,0,0,0.25,0.7
chemrof,1,0,1,0.44,1,0,0.57,0,0,0,0,0,0,1,0,1,0.5,0,1,0,0,0.25,1.32
amphx,1,0,1,0.56,1,0,0.59,0,0,0,0,0,1,1,0,1,0.75,0,1,0,0,0.25,1.59
dto,1,0,1,0.44,1,0,0.57,0,0,0,0,0,0,1,0,1,0.5,0,1,0,0,0.25,1.32
carolio,1,0,1,0.44,1,0,0.57,0,0,0,0,0,0,1,0,1,0.5,0,1,0,0,0.25,1.32
odnae,1,0,1,0.44,1,0,0.57,0,0,0,0,0,0,1,0,1,0.5,0,1,0,0,0.25,1.32
oae,1,0,1,0.56,1,0,0.59,0,0,0,0,0,1,1,0,1,0.75,0,1,0,0,0.25,1.59
iceo,1,0,1,0.44,1,0,0.57,0,0,0,0,0,0,1,0,1,0.5,0,1,0,0,0.25,1.32
orth,1,0,1,0.44,1,0,0.57,0,0,0,0,0,0,1,0,1,0.5,0,1,0,0,0.25,1.32
fbbi,1,0,1,0.44,1,0,0.57,0,0,0,0,0,0,1,0,1,0.5,0,1,0,0,0.25,1.32
cmo,1,0,1,0.44,1,0,0.57,0,0,0,0,0,0,1,0,1,0.5,0,1,0,0,0.25,1.32
go,1,0,1,0.56,1,0,0.59,0,0,0,0,0,1,1,0,1,0.75,0,1,0,0,0.25,1.59
hancestro,1,0,1,0.56,1,0,0.59,0,0,0,0,0,1,1,0,1,0.75,0,1,0,0,0.25,1.59
ico,1,0,1,0.56,1,0,0.59,0,0,0,0,0,1,1,0,1,0.75,0,1,0,0,0.25,1.59
vico,1,0,1,0.56,1,0,0.59,0,0,0,0,0,1,1,0,1,0.75,0,1,0,0,0.25,1.59
pr,1,0,1,0.56,1,0,0.59,0,0,0,0,0,1,1,0,1,0.75,0,1,0,0,0.25,1.59
proco,1,0,1,0.56,1,0,0.59,0,0,0,0,0,1,1,0,1,0.75,0,1,0,0,0.25,1.59
miapa,1,0,1,0.44,1,0,0.57,0,0,0,0,0,0,1,0,1,0.5,0,1,0,0,0.25,1.32
vo,1,0,1,0.56,1,0,0.59,0,0,0,0,0,1,1,0,1,0.75,0,1,0,0,0.25,1.59
vivo-isf,1,0,1,0.44,1,0,0.57,0,0,0,0,0,0,1,0,1,0.5,0,1,0,0,0.25,1.32
fideo,1,0,1,0.56,1,0,0.59,0,0,0,0,0,1,1,0,1,0.75,0,1,0,0,0.25,1.59
ohmi,1,0,1,0.56,1,0,0.59,0,0,0,0,0,1,1,0,1,0.75,0,1,0,0,0.25,1.59
ohd,1,0,1,0.56,1,0,0.59,0,0,0,0,0,1,1,0,1,0.75,0,1,0,0,0.25,1.59
mop,1,0,1,0.44,1,0,0.57,0,0,0,0,0,0,1,0,1,0.5,0,1,0,0,0.25,1.32
eupath,1,0,1,0.44,1,0,0.57,0,0,0,0,0,0,1,0,1,0.5,0,1,0,0,0.25,1.32
spd,1,0,1,0.44,1,0,0.57,0,0,0,0,0,0,1,0,1,0.5,0,1,0,0,0.25,1.32
pato,1,0,1,0.56,1,0,0.59,0,0,0,0,0,1,1,0,1,0.75,0,1,0,0,0.25,1.59
cdno,1,0,1,0.56,1,0,0.59,0,0,0,0,0,1,1,0,1,0.75,0,1,0,0,0.25,1.59
gecko,1,0,1,0.56,1,0,0.59,0,0,0,0,0,1,1,0,1,0.75,0,1,0,0,0.25,1.59
bspo,1,0,1,0.56,1,0,0.59,0,0,0,0,0,1,1,0,1,0.75,0,1,0,0,0.25,1.59
epo,1,0,1,0.44,1,0,0.57,0,0,0,0,0,0,1,0,1,0.5,0,1,0,0,0.25,1.32
oarcs,1,0,1,0.44,1,0,0.57,0,0,0,0,0,0,1,0,1,0.5,0,1,0,0,0.25,1.32
ovae,1,0,1,0.44,1,0,0.57,0,0,0,0,0,0,1,0,1,0.5,0,1,0,0,0.25,1.32
phipo,1,0,1,0.56,1,0,0.59,0,0,0,0,0,1,1,0,1,0.75,0,1,0,0,0.25,1.59
plana,1,0,1,0.56,1,0,0.59,0,0,0,0,0,1,1,0,1,0.75,0,1,0,0,0.25,1.59
vbo,1,0,1,0.56,1,0,0.59,0,0,0,0,0,1,1,0,1,0.75,0,1,0,0,0.25,1.59
vt,1,0,1,0.44,1,0,0.57,0,0,0,0,0,0,1,0,1,0.5,0,1,0,0,0.25,1.32
fovt,1,0,1,0.56,1,0,0.59,0,0,0,0,0,1,1,0,1,0.75,0,1,0,0,0.25,1.59
fobi,1,0,1,0.44,1,0,0.57,0,0,0,0,0,0,1,0,1,0.5,0,1,0,0,0.25,1.32
gexo,1,0,1,0.44,1,0,0.57,0,0,0,0,0,0,1,0,1,0.5,0,1,0,0,0.25,1.32
lepao,1,0,1,0.44,1,0,0.57,0,0,0,0,0,0,1,0,1,0.5,0,1,0,0,0.25,1.32
flopo,1,0,1,0.44,1,0,0.57,0,0,0,0,0,0,1,0,1,0.5,0,1,0,0,0.25,1.32
fma,1,0,1,0.44,1,0,0.57,0,0,0,0,0,0,1,0,1,0.5,0,1,0,0,0.25,1.32
obi,1,0,1,0.56,1,0,0.59,0,0,0,0,0,1,1,0,1,0.75,0,1,0,0,0.25,1.59
obib,1,0,1,0.56,1,0,0.59,0,0,0,0,0,1,1,0,1,0.75,0,1,0,0,0.25,1.59
micro,1,0,1,0.44,1,0,0.57,0,0,0,0,0,0,1,0,1,0.5,0,1,0,0,0.25,1.32
vso,1,0,1,0.44,1,0,0.57,0,0,0,0,0,0,1,0,1,0.5,0,1,0,0,0.25,1.32
ogg,1,0,1,0.56,1,0,0.59,0,0,0,0,0,1,1,0,1,0.75,0,1,0,0,0.25,1.59
omit,1,0,1,0.44,1,0,0.57,0,0,0,0,0,0,1,0,1,0.5,0,1,0,0,0.25,1.32
caro,1,0,1,0.56,1,0,0.59,0,0,0,0,0,1,1,0,1,0.75,0,1,0,0,0.25,1.59
nbo,1,0,1,0.56,1,0,0.59,0,0,0,0,0,1,1,0,1,0.75,0,1,0,0,0.25,1.59
mi,1,0,1,0.44,1,0,0.57,0,0,0,0,0,0,1,0,1,0.5,0,1,0,0,0.25,1.32
biolink,0,0,1,0.22,0,0,0.2,0,0,0,0,0,0,0,0,1,0.25,0,1,0,0,0.25,0.7
ocimido,1,0,1,0.44,1,0,0.57,0,0,0,0,0,0,1,0,1,0.5,0,1,0,0,0.25,1.32
opmi,1,0,1,0.56,1,0,0.59,0,0,0,0,0,1,1,0,1,0.75,0,1,0,0,0.25,1.59
do,1,0,1,0.44,1,0,0.57,0,0,0,0,0,0,1,0,1,0.5,0,1,0,0,0.25,1.32
gsso,1,0,1,0.56,1,0,0.59,0,0,0,0,0,1,1,0,1,0.75,0,1,0,0,0.25,1.59
rxno,1,0,1,0.44,1,0,0.57,0,0,0,0,0,0,1,0,1,0.5,0,1,0,0,0.25,1.32
cob,1,0,1,0.56,1,0,0.59,0,0,0,0,0,1,1,0,1,0.75,0,1,0,0,0.25,1.59
ocmr,1,0,1,0.44,1,0,0.57,0,0,0,0,0,0,1,0,1,0.5,0,1,0,0,0.25,1.32
edam-bioimaging,1,0,1,0.44,1,0,0.57,0,0,0,0,0,0,1,0,1,0.5,0,1,0,0,0.25,1.32
sepio,1,0,1,0.44,1,0,0.57,0,0,0,0,0,0,1,0,1,0.5,0,1,0,0,0.25,1.32
rbo,1,0,1,0.44,1,0,0.57,0,0,0,0,0,0,1,0,1,0.5,0,1,0,0,0.25,1.32
symp,1,0,1,0.44,1,0,0.57,0,0,0,0,0,0,1,0,1,0.5,0,1,0,0,0.25,1.32
ogsf,1,0,1,0.56,1,0,0.59,0,0,0,0,0,1,1,0,1,0.75,0,1,0,0,0.25,1.59
one_/_one,1,0,1,0.56,1,0,0.59,0,0,0,0,0,1,1,0,1,0.75,0,1,0,0,0.25,1.59
ontoneo,1,0,1,0.56,1,0,0.59,0,0,0,0,0,1,1,0,1,0.75,0,1,0,0,0.25,1.59
hp,1,0,1,0.56,1,0,0.59,0,0,0,0,0,1,1,0,1,0.75,0,1,0,0,0.25,1.59
ohpi_/_ohpi,1,0,1,0.56,1,0,0.59,0,0,0,0,0,1,1,0,1,0.75,0,1,0,0,0.25,1.59
mfomd,1,0,1,0.56,1,0,0.59,0,0,0,0,0,1,1,0,1,0.75,0,1,0,0,0.25,1.59
mfmo,1,0,1,0.56,1,0,0.59,0,0,0,0,0,1,1,0,1,0.75,0,1,0,0,0.25,1.59
mf_/_mf,1,0,1,0.56,1,0,0.59,0,0,0,0,0,1,1,0,1,0.75,0,1,0,0,0.25,1.59
mfoem_/_mfoem,1,0,1,0.56,1,0,0.59,0,0,0,0,0,1,1,0,1,0.75,0,1,0,0,0.25,1.59
mp_/_mp,1,0,1,0.56,1,0,0.59,0,0,0,0,0,1,1,0,1,0.75,0,1,0,0,0.25,1.59
trans_/_trans,1,0,1,0.56,1,0,0.59,0,0,0,0,0,1,1,0,1,0.75,0,1,0,0,0.25,1.59
ocvdae,1,0,1,0.56,1,0,0.59,0,0,0,0,0,1,1,0,1,0.75,0,1,0,0,0.25,1.59
mpath,1,0,1,0.44,1,0,0.57,0,0,0,0,0,0,1,0,1,0.5,0,1,0,0,0.25,1.32
codo,1,0,1,0.44,1,0,0.57,0,0,0,0,0,0,1,0,1,0.5,0,1,0,0,0.25,1.32
covid-19,1,0,1,0.44,1,0,0.57,0,0,0,0,0,0,1,0,1,0.5,0,1,0,0,0.25,1.32
obiws,1,0,1,0.44,1,0,0.57,0,0,0,0,0,0,1,0,1,0.5,0,1,0,0,0.25,1.32
occo,1,0,1,0.56,1,0,0.59,0,0,0,0,0,1,1,0,1,0.75,0,1,0,0,0.25,1.59
odae,1,0,1,0.44,1,0,0.57,0,0,0,0,0,0,1,0,1,0.5,0,1,0,0,0.25,1.32
mpio/mpio,1,0,1,0.44,1,0,0.57,0,0,0,0,0,0,1,0,1,0.5,0,1,0,0,0.25,1.32
oba/oba,1,0,1,0.56,1,0,0.59,0,0,0,0,0,1,1,0,1,0.75,0,1,0,0,0.25,1.59
aro/aro,1,0,1,0.44,1,0,0.57,0,0,0,0,0,0,1,0,1,0.5,0,1,0,0,0.25,1.32
apollo-sv,1,0,1,0.44,1,0,0.57,0,0,0,0,0,0,1,0,1,0.5,0,1,0,0,0.25,1.32
faldo,1,0,1,0.44,1,0,0.57,0,0,0,0,0,0,1,0,1,0.5,0,1,0,0,0.25,1.32
modsci/modsci,1,0,1,0.56,1,0,0.59,0,0,0,0,0,1,1,0,1,0.75,0,1,0,0,0.25,1.59
scdo/scdo,1,0,1,0.44,1,0,0.57,0,0,0,0,0,0,1,0,1,0.5,0,1,0,0,0.25,1.32
bmont/bmont,1,0,1,0.44,1,0,0.57,0,0,0,0,0,0,1,0,1,0.5,0,1,0,0,0.25,1.32
cmpo/cmpo,1,0,1,0.44,1,0,0.57,0,0,0,0,0,0,1,0,1,0.5,0,1,0,0,0.25,1.32
ngbo/ngbo,1,0,1,0.56,1,0,0.59,0,0,0,0,0,1,1,0,1,0.75,0,1,0,0,0.25,1.59
ocre,1,0,1,0.44,1,0,0.57,0,0,0,0,0,0,1,0,1,0.5,0,1,0,0,0.25,1.32
cvdo/cvdo,1,0,1,0.56,1,0,0.59,0,0,0,0,0,1,1,0,1,0.75,0,1,0,0,0.25,1.59
exo,1,0,1,0.44,1,0,0.57,0,0,0,0,0,0,1,0,1,0.5,0,1,0,0,0.25,1.32
labo/labo,1,0,1,0.44,1,0,0.57,0,0,0,0,0,0,1,0,1,0.5,0,1,0,0,0.25,1.32
obcs/obcs,1,0,1,0.56,1,0,0.59,0,0,0,0,0,1,1,0,1,0.75,0,1,0,0,0.25,1.59
vario/vario,1,0,1,0.44,1,0,0.57,0,0,0,0,0,0,1,0,1,0.5,0,1,0,0,0.25,1.32
upheno/upheno,1,0,1,0.44,1,0,0.57,0,0,0,0,0,0,1,0,1,0.5,0,1,0,0,0.25,1.32
ornaseq/ornaseq,1,0,1,0.56,1,0,0.59,0,0,0,0,0,1,1,0,1,0.75,0,1,0,0,0.25,1.59
ogms/ogms,1,0,1,0.56,1,0,0.59,0,0,0,0,0,1,1,0,1,0.75,0,1,0,0,0.25,1.59
omp/omp,1,0,1,0.44,1,0,0.57,0,0,0,0,0,0,1,0,1,0.5,0,1,0,0,0.25,1.32
opl/opl,1,0,1,0.56,1,0,0.59,0,0,0,0,0,1,1,0,1,0.75,0,1,0,0,0.25,1.59
planp/planp,1,0,1,0.56,1,0,0.59,0,0,0,0,0,1,1,0,1,0.75,0,1,0,0,0.25,1.59
vio,1,0,1,0.44,1,0,0.57,0,0,0,0,0,0,1,0,1,0.5,0,1,0,0,0.25,1.32
cteno/cteno,1,0,1,0.44,1,0,0.57,0,0,0,0,0,0,1,0,1,0.5,0,1,0,0,0.25,1.32
ceph/ceph,1,0,1,0.44,1,0,0.57,0,0,0,0,0,0,1,0,1,0.5,0,1,0,0,0.25,1.32
aero,1,0,1,0.44,1,0,0.57,0,0,0,0,0,0,1,0,1,0.5,0,1,0,0,0.25,1.32
xco,1,0,1,0.44,1,0,0.57,0,0,0,0,0,0,1,0,1,0.5,0,1,0,0,0.25,1.32
sbo,1,0,1,0.44,1,0,0.57,0,0,0,0,0,0,1,0,1,0.5,0,1,0,0,0.25,1.32
vsao,1,0,1,0.44,1,0,0.57,0,0,0,0,0,0,1,0,1,0.5,0,1,0,0,0.25,1.32
S.DEV,0.414053735,0.069963602,0,0.179555679,0.41356332,0.292746347,0.200177115,0.21345127,0.309962702,0.186609051,0.291743109,0.215484295,0.384145639,0.456020568,0.167532167,0,0.202966994,0.167532167,0,0.025598429,0.294737268,0.104946523,0.636770797
